,InterZone,Name,loneills_2018,loneills_2018_class
0,S02001236,Culter,1.1764053060790733,#f6e8c3
1,S02001237,"Cults, Bieldside and Milltimber West",1.093889407267219,#f6e8c3
2,S02001238,"Cults, Bieldside and Milltimber East",1.562853559621691,#f6e8c3
3,S02001239,Garthdee,1.2896931902399469,#f6e8c3
4,S02001240,"Braeside, Mannofield, Broomhill and Seafield East",2.9379970059371954,#dfc27d
5,S02001241,"Braeside, Mannofield, Broomhill and Seafield South",1.4746985886998267,#f6e8c3
6,S02001242,"Braeside, Mannofield, Broomhill and Seafield North",1.5908957069660428,#f6e8c3
7,S02001243,Hazlehead,1.5887642058735254,#f6e8c3
8,S02001244,Summerhill,2.0089032594234735,#dfc27d
9,S02001245,Midstocket,2.1404351496209055,#dfc27d
10,S02001246,Rosemount,3.750615381716148,#bf812d
11,S02001247,West End North,2.4025664353877128,#dfc27d
12,S02001248,West End South,3.024867701873013,#bf812d
13,S02001249,City Centre West,13.3700614212419,#543005
14,S02001250,City Centre East,15.881853577299617,#543005
15,S02001251,Ferryhill North,8.027320356409886,#8c510a
16,S02001252,Ferryhill South,4.62036806123867,#bf812d
17,S02001253,"Kincorth, Leggart and Nigg North",1.1856788144154502,#f6e8c3
18,S02001254,"Kincorth, Leggart and Nigg South",2.78801783163991,#dfc27d
19,S02001255,Cove South,4.735111140971606,#bf812d
20,S02001256,Cove North,6.204515003386023,#8c510a
21,S02001257,Torry West,6.9517554242885735,#8c510a
22,S02001258,Torry East,7.892709449120755,#8c510a
23,S02001259,Hanover South,8.358099009806796,#8c510a
24,S02001260,Hanover North,4.4014228149518715,#bf812d
25,S02001261,George Street,6.414256432522355,#8c510a
26,S02001262,Ashgrove,2.6413490600833316,#dfc27d
27,S02001263,"Froghall, Powis and Sunnybank",7.830122280802643,#8c510a
28,S02001264,Seaton,4.025817824289677,#bf812d
29,S02001265,Old Aberdeen,3.110406119645859,#bf812d
30,S02001266,Tillydrone,2.4154503726198797,#dfc27d
31,S02001267,Woodside,1.6603462222735061,#f6e8c3
32,S02001268,Hilton,2.188344534770964,#dfc27d
33,S02001269,Stockethill,2.327272399488645,#dfc27d
34,S02001270,Mastrick,2.2340744083093647,#dfc27d
35,S02001271,Sheddocksley,2.0102165651081187,#dfc27d
36,S02001272,Cummings Park,2.4570876526204013,#dfc27d
37,S02001273,Northfield,3.2125264520810553,#bf812d
38,S02001274,Heathryfold and Middlefield,2.7473187761168756,#dfc27d
39,S02001275,Kingswells,0.6811491009276222,#f5f5f5
40,S02001276,Bucksburn South,1.0290734743316543,#f6e8c3
41,S02001277,Bucksburn North,0.4792932675506394,#f5f5f5
42,S02001278,Dyce,0.6898614213275284,#f5f5f5
43,S02001279,Danestone,2.1791761360639095,#dfc27d
44,S02001280,Oldmachar West,1.4087555585739664,#f6e8c3
45,S02001281,Oldmachar East,2.515525836834637,#dfc27d
46,S02001282,Balgownie and Donmouth West,2.30484455705278,#dfc27d
47,S02001283,Balgownie and Donmouth East,2.6145833493752426,#dfc27d
48,S02001284,Denmore,2.528561012445443,#dfc27d
49,S02001285,East Cairngorms,-0.36260584680797264,#f5f5f5
50,S02001286,Aboyne and South Deeside,0.6317231898702236,#f5f5f5
51,S02001287,Mearns and Laurencekirk,0.45203713135075907,#f5f5f5
52,S02001288,Mearns South and Benholm,0.500208673190898,#f5f5f5
53,S02001289,Mearns North and Inverbervie,0.5225829370597591,#f5f5f5
54,S02001290,"Fetteresso, Netherley and Catter",1.3063901021200617,#f6e8c3
55,S02001291,Stonehaven South,2.457141468790763,#dfc27d
56,S02001292,Stonehaven North,2.4803218250560652,#dfc27d
57,S02001293,Newtonhill,0.6747558767014962,#f5f5f5
58,S02001294,Portlethen,0.0607305432097669,#f5f5f5
59,S02001295,Banchory-Devenick and Findon,0.9166225441969488,#f5f5f5
60,S02001296,"Dunecht, Durris and Drumoak",0.9516113207237481,#f5f5f5
61,S02001297,Banchory East,0.7618517768281403,#f5f5f5
62,S02001298,Banchory West,0.6977950016518129,#f5f5f5
63,S02001299,Crathes and Torphins,1.5961036551324692,#f6e8c3
64,S02001300,Cromar and Kildrummy,0.11067534685999628,#f5f5f5
65,S02001301,Howe of Alford,-0.3060738206334856,#f5f5f5
66,S02001302,Kemnay,-0.22504552917673978,#f5f5f5
67,S02001303,Inverurie North,-0.9531758075842824,#f5f5f5
68,S02001304,Inverurie South,-0.8909725570325358,#f5f5f5
69,S02001305,Durno-Chapel of Garioch,-0.4433970440334679,#f5f5f5
70,S02001306,Kintore,-0.3581055791543988,#f5f5f5
71,S02001307,Blackburn,0.20413065507877118,#f5f5f5
72,S02001308,Westhill North and South,0.5414999118267286,#f5f5f5
73,S02001309,Westhill Central,0.37679523666641135,#f5f5f5
74,S02001310,Garlogie and Elrick,0.4026173049130143,#f5f5f5
75,S02001311,Newmachar and Fintray,0.5648355058864377,#f5f5f5
76,S02001312,Balmedie and Potterton,1.5338202453981107,#f6e8c3
77,S02001313,Ellon East,1.4632808969666768,#f6e8c3
78,S02001314,Ellon West,1.459221181094175,#f6e8c3
79,S02001315,Ythanside,1.5874672502268932,#f6e8c3
80,S02001316,Ythsie,1.1230861789486788,#f6e8c3
81,S02001317,Barrahill,0.020655466362088988,#f5f5f5
82,S02001318,Fyvie-Rothie,0.27952757374522125,#f5f5f5
83,S02001319,"Insch, Oyne and Ythanwells",-0.12130158162258708,#f5f5f5
84,S02001320,Clashindarroch,-0.9088703781244469,#f5f5f5
85,S02001321,Huntly,-1.1620768124823768,#c7eae5
86,S02001322,Auchterless and Monquhitter,-0.12044253555946507,#f5f5f5
87,S02001323,Turriff,-0.4432604215368571,#f5f5f5
88,S02001324,"Portsoy, Fordyce and Cornhill",0.22257161036676232,#f5f5f5
89,S02001325,Aberchirder and Whitehills,0.3890001627939766,#f5f5f5
90,S02001326,Banff,0.5705950976866011,#f5f5f5
91,S02001327,Macduff,1.6606824221829886,#f6e8c3
92,S02001328,Gardenstown and King Edward,1.202286108033903,#f6e8c3
93,S02001329,New Pitsligo,2.44531463419695,#dfc27d
94,S02001330,Deer and Mormond,2.7983615435114504,#dfc27d
95,S02001331,Mintlaw,3.588961873313414,#bf812d
96,S02001332,Auchnagatt,2.2670154590848006,#dfc27d
97,S02001333,Cruden,1.4814256292317625,#f6e8c3
98,S02001334,Peterhead Links,-0.03151413555292697,#f5f5f5
99,S02001335,Peterhead Bay,-0.17432342898074152,#f5f5f5
100,S02001336,Peterhead Harbour,-0.12091430516848958,#f5f5f5
101,S02001337,Peterhead Ugieside,-0.08502802505219659,#f5f5f5
102,S02001338,Longside and Rattray,2.0892007971244224,#dfc27d
103,S02001339,Rosehearty and Strathbeg,1.1669013901958436,#f6e8c3
104,S02001340,Fraserburgh Smiddyhill,0.07670094618826635,#f5f5f5
105,S02001341,Fraserburgh Lochpots,0.17183747262421892,#f5f5f5
106,S02001342,Fraserburgh Central-Academy,-0.005886035752662777,#f5f5f5
107,S02001343,Fraserburgh Harbour and Broadsea,-0.14456495688403864,#f5f5f5
108,S02001344,South Angus,0.4154397289207388,#f5f5f5
109,S02001345,Monikie,0.09365541083755444,#f5f5f5
110,S02001346,Monifieth West,0.3117885129903491,#f5f5f5
111,S02001347,Monifieth East,0.3162508713670757,#f5f5f5
112,S02001348,Carnoustie West,-0.25428403210843276,#f5f5f5
113,S02001349,Carnoustie East,-0.1892689142227539,#f5f5f5
114,S02001350,Arbroath Landward,0.21501957311444914,#f5f5f5
115,S02001351,Arbroath Kirkton,0.14822936304210493,#f5f5f5
116,S02001352,Arbroath Keptie,0.161428371226777,#f5f5f5
117,S02001353,Arbroath Harbour,0.22417847500272958,#f5f5f5
118,S02001354,Arbroath Cliffburn,0.15824125500113484,#f5f5f5
119,S02001355,Arbroath Warddykes,0.06880451710809941,#f5f5f5
120,S02001356,Lunan,0.3113266121605779,#f5f5f5
121,S02001357,Montrose South,-0.5440441229374765,#f5f5f5
122,S02001358,Montrose North,-0.4662810760816947,#f5f5f5
123,S02001359,Hillside,0.6077861935795925,#f5f5f5
124,S02001360,Friockheim,1.2167469027361404,#f6e8c3
125,S02001361,Brechin East,2.2993018212645406,#dfc27d
126,S02001362,Brechin West,2.284382049522639,#dfc27d
127,S02001363,Letham and Glamis,-0.013576914686193252,#f5f5f5
128,S02001364,Forfar East,-0.43804806717938266,#f5f5f5
129,S02001365,Forfar Central,-0.44556439232491385,#f5f5f5
130,S02001366,Forfar West,-0.3390263718275894,#f5f5f5
131,S02001367,Kirriemuir Landward,0.5658485310070406,#f5f5f5
132,S02001368,Kirriemuir,1.5548988229695686,#f6e8c3
133,S02001369,Angus Glens,0.5638180840077246,#f5f5f5
134,S02001370,"Mull, Iona, Coll and Tiree",1.2332241755142395,#f6e8c3
135,S02001371,Oban South,-0.37221666641572543,#f5f5f5
136,S02001372,Oban North,-1.0101934114212736,#c7eae5
137,S02001373,Benderloch Trail,0.7223698602922252,#f5f5f5
138,S02001374,Loch Awe,0.5531477679383023,#f5f5f5
139,S02001375,Mid Argyll,0.5707471891208534,#f5f5f5
140,S02001376,Greater Lochgilphead,1.970196614340982,#f6e8c3
141,S02001377,Knapdale,0.4587143017177961,#f5f5f5
142,S02001378,Whisky Isles,1.9177178087430344,#f6e8c3
143,S02001379,Kintyre Trail,-0.08327365937324034,#f5f5f5
144,S02001380,Campbeltown,1.874033925192335,#f6e8c3
145,S02001381,Bute,-0.8063033988272944,#f5f5f5
146,S02001382,Rothesay Town,-0.7905359655275368,#f5f5f5
147,S02001383,Cowal South,-0.3259324177130144,#f5f5f5
148,S02001384,Cowal North,-1.4930102322293457,#c7eae5
149,S02001385,Hunter's Quay,-1.2789516311819822,#c7eae5
150,S02001386,Dunoon,-1.3156249919390397,#c7eae5
151,S02001387,Garelochhead,-1.4255986399635032,#c7eae5
152,S02001388,Helensburgh West and Rhu,-1.0641204658269006,#c7eae5
153,S02001389,Helensburgh North,-1.3430350874202694,#c7eae5
154,S02001390,Helensburgh Centre,-1.4621012404443954,#c7eae5
155,S02001391,Helensburgh East,-1.1926747536257762,#c7eae5
156,S02001392,Lomond Shore,-0.7351005164298398,#f5f5f5
157,S02001393,Tullibody South,0.22963136012434243,#f5f5f5
158,S02001394,Tullibody North and Glenochil,0.0944453183683584,#f5f5f5
159,S02001395,Menstrie,0.9084288713250749,#f5f5f5
160,S02001396,Alva,-0.3952129026148797,#f5f5f5
161,S02001397,"Fishcross, Devon Village and Coalsnaughton",-0.6773361447648772,#f5f5f5
162,S02001398,Tillicoultry,-0.5946746410474252,#f5f5f5
163,S02001399,Dollar and Muckhart,-1.1102618337731232,#c7eae5
164,S02001400,"Clackmannan, Kennet and Forestmill",-1.0522543975754681,#c7eae5
165,S02001401,Sauchie,-0.8676053835502567,#f5f5f5
166,S02001402,Alloa South and East,-0.7808958128649314,#f5f5f5
167,S02001403,Alloa North,-0.5380210192624554,#f5f5f5
168,S02001404,Alloa West,-0.2687783872924529,#f5f5f5
169,S02001405,Stranraer West,-0.08430728879024625,#f5f5f5
170,S02001406,Stranraer East,-0.07695625160358369,#f5f5f5
171,S02001407,Stranraer South,-0.0777636929726851,#f5f5f5
172,S02001408,Rhins North,-0.2888565488936723,#f5f5f5
173,S02001409,Rhins South,-0.18075277042095678,#f5f5f5
174,S02001410,Machars North,-0.5215594120060497,#f5f5f5
175,S02001411,Machars South,-1.7207851708253514,#c7eae5
176,S02001412,Newton Stewart,-0.9410212009713557,#f5f5f5
177,S02001413,Gatehouse,-0.8407665537153828,#f5f5f5
178,S02001414,Kirkcudbright,-0.7242178701621792,#f5f5f5
179,S02001415,Castle Douglas,-0.9072336560260066,#f5f5f5
180,S02001416,Dalbeattie,-1.8038891719147538,#c7eae5
181,S02001417,Dalbeattie Rural,-0.7462607939906362,#f5f5f5
182,S02001418,Glenkens,-1.002315881306462,#c7eae5
183,S02001419,Upper Nithsdale,-1.059450138283673,#c7eae5
184,S02001420,Thornhill,-0.27511669967549546,#f5f5f5
185,S02001421,Mid Nithsdale,-0.17819148314154706,#f5f5f5
186,S02001422,Shawhead,-0.008001372563450971,#f5f5f5
187,S02001423,Lochside and Lincluden,-0.2257742338109656,#f5f5f5
188,S02001424,Summerville,-0.2720769329998809,#f5f5f5
189,S02001425,Troqueer,-0.031883036318619266,#f5f5f5
190,S02001426,New Abbey,-0.20500584253962126,#f5f5f5
191,S02001427,Kingholm,-0.23257691431264801,#f5f5f5
192,S02001428,Calside,0.11016772853660312,#f5f5f5
193,S02001429,Georgetown,0.14664030810923026,#f5f5f5
194,S02001430,Dumfries Central,0.06617215999723756,#f5f5f5
195,S02001431,Nunholm,-0.04577966812433083,#f5f5f5
196,S02001432,Locharbriggs,0.347435386456122,#f5f5f5
197,S02001433,Heathhall,0.2154797931279281,#f5f5f5
198,S02001434,Collin,-0.30471362085964226,#f5f5f5
199,S02001435,Lochmaben,-1.4600929955470185,#c7eae5
200,S02001436,Lockerbie,-0.9279071503125046,#f5f5f5
201,S02001437,Moffat,-0.4516060354442377,#f5f5f5
202,S02001438,Langholm and Eskdale,-0.49074188884033526,#f5f5f5
203,S02001439,Annandale East,-0.904300157947807,#f5f5f5
204,S02001440,Annandale West,-0.9909117184129186,#f5f5f5
205,S02001441,Annan West,-1.009787896819741,#c7eae5
206,S02001442,Annan East,-0.9064669799231772,#f5f5f5
207,S02001443,Eastriggs,-0.7206001159479546,#f5f5f5
208,S02001444,Gretna,-0.15730355802070514,#f5f5f5
209,S02001445,Westend,1.675015261201434,#f6e8c3
210,S02001446,Perth Road,1.1727816586376627,#f6e8c3
211,S02001447,Logie and Blackness,1.8476087543548836,#f6e8c3
212,S02001448,City Centre,0.8263868948198679,#f5f5f5
213,S02001449,Docks and Wellgate,0.02693245331880396,#f5f5f5
214,S02001450,Hilltown,1.0017451320989599,#f6e8c3
215,S02001451,The Glens,0.20844429130352243,#f5f5f5
216,S02001452,Stobswell,-0.04145371705857698,#f5f5f5
217,S02001453,Baxter Park,0.12621313202333195,#f5f5f5
218,S02001454,Craigie and  Craigiebank,0.14358793282882415,#f5f5f5
219,S02001455,Douglas West,0.3180533888992138,#f5f5f5
220,S02001456,West Ferry,0.006359997985640509,#f5f5f5
221,S02001457,Douglas East,0.11040966917796109,#f5f5f5
222,S02001458,Broughty Ferry West,0.2924621323324459,#f5f5f5
223,S02001459,Broughty Ferry East,0.2450505534636613,#f5f5f5
224,S02001460,Barnhill,0.2938157269680744,#f5f5f5
225,S02001461,West Pitkerro,0.26888691169917833,#f5f5f5
226,S02001462,Whitfield,0.4088029807250288,#f5f5f5
227,S02001463,Fintry,0.33545736713500945,#f5f5f5
228,S02001464,Linlathen and Midcraigie,0.22412410390076548,#f5f5f5
229,S02001465,Caird Park,0.15939444528483743,#f5f5f5
230,S02001466,Kirkton,-0.007797834943550519,#f5f5f5
231,S02001467,Downfield,-0.12740530348441853,#f5f5f5
232,S02001468,Fairmuir,0.5207955691390507,#f5f5f5
233,S02001469,Law,1.1552267788046016,#f6e8c3
234,S02001470,Balgay,1.1485625123607466,#f6e8c3
235,S02001471,Menzieshill,0.9881745730752903,#f5f5f5
236,S02001472,Charleston,0.9456992758592565,#f5f5f5
237,S02001473,Lochee,0.8647458183122743,#f5f5f5
238,S02001474,Ardler and St Marys,0.3923015036348699,#f5f5f5
239,S02001475,Western Edge,1.2734528948150277,#f6e8c3
240,S02001476,Doon Valley South,-1.5214717560397697,#c7eae5
241,S02001477,Doon Valley North,-1.2029997780031376,#c7eae5
242,S02001478,Mauchline Rural,-1.5146348920570658,#c7eae5
243,S02001479,Drongan,-1.7739006290648105,#c7eae5
244,S02001480,Mauchline,-1.6954343210113683,#c7eae5
245,S02001481,Cumnock Rural,-2.024274238641382,#80cdc1
246,S02001482,New Cumnock,-4.067446590399825,#35978f
247,S02001483,Cumnock South and Craigens,-1.1037662457688473,#c7eae5
248,S02001484,Cumnock North,-0.8658295859605748,#f5f5f5
249,S02001485,Auchinleck,-2.322172996618633,#80cdc1
250,S02001486,Northern and Irvine Valley Rural,-0.9849399993864213,#f5f5f5
251,S02001487,Stewarton East,-2.578071778830231,#80cdc1
252,S02001488,Stewarton West,-2.5523774839473163,#80cdc1
253,S02001489,Darvel,-0.7679322239558507,#f5f5f5
254,S02001490,Newmilns,-0.7815939203537946,#f5f5f5
255,S02001491,Galston,-1.3378176496025005,#c7eae5
256,S02001492,Earlston and Hurlford Rural,0.35983828944607527,#f5f5f5
257,S02001493,Shortlees,0.9627592579966271,#f5f5f5
258,S02001494,Bellfield and Kirkstyle,0.9545315591159712,#f5f5f5
259,S02001495,Kilmarnock South Central and Caprington,1.0011261119342032,#f6e8c3
260,S02001496,Piersland,0.5000164076761198,#f5f5f5
261,S02001497,New Farm Loch South,0.4283684597032392,#f5f5f5
262,S02001498,Dean and New Farm Loch North,0.6268211392240132,#f5f5f5
263,S02001499,Southcraig and Beansburn,0.5311602897447641,#f5f5f5
264,S02001500,Altonhill North and Onthank,0.6686109392210867,#f5f5f5
265,S02001501,"Altonhill South, Longpark and Hillhead",0.8837924868554375,#f5f5f5
266,S02001502,Bonnyton and Town Centre,1.3249762307776622,#f6e8c3
267,S02001503,"Grange, Howard and Gargieston",1.064462143025568,#f6e8c3
268,S02001504,"Crosshouse, Gatehead and Kilmaurs Rural",-0.5594246487923987,#f5f5f5
269,S02001505,Kilmaurs,-1.6074021263216076,#c7eae5
270,S02001506,West Clober and Mains Estate,-0.4283354486850808,#f5f5f5
271,S02001507,East Clober and Mains Estate,-0.1886517449848506,#f5f5f5
272,S02001508,Barloch,-0.20261210695554757,#f5f5f5
273,S02001509,Keystone and Dougalston,-0.25036478671908474,#f5f5f5
274,S02001510,Kilmardinny East,-0.34690908345549243,#f5f5f5
275,S02001511,Kilmardinny West,-0.4093654418952856,#f5f5f5
276,S02001512,North Castlehill and Thorn,-0.5406124875789362,#f5f5f5
277,S02001513,South Castlehill and Thorn,-0.5861006830153298,#f5f5f5
278,S02001514,Westerton West,-0.7987963167231906,#f5f5f5
279,S02001515,Westerton East,-0.8643189388565655,#f5f5f5
280,S02001516,Kessington West,-0.24268970547058955,#f5f5f5
281,S02001517,Kessington East,-0.47245424026208244,#f5f5f5
282,S02001518,Torrance and Balmore,-0.6266121762275235,#f5f5f5
283,S02001519,Bishopbriggs North and Kenmure,-1.1024344363511245,#c7eae5
284,S02001520,Bishopbriggs West and Cadder,-1.0257779035596426,#c7eae5
285,S02001521,Auchinairn,-1.0424564236457663,#c7eae5
286,S02001522,Woodhill East,-0.9189251011266654,#f5f5f5
287,S02001523,Woodhill West,-1.0501268412609355,#c7eae5
288,S02001524,Lenzie North,-0.6234405122766391,#f5f5f5
289,S02001525,Lenzie South,-0.7875459947564053,#f5f5f5
290,S02001526,Kirkintilloch South,-0.4333061909438199,#f5f5f5
291,S02001527,Kirkintilloch West,-0.35728736124808474,#f5f5f5
292,S02001528,Hillhead,-0.436727824298803,#f5f5f5
293,S02001529,Rosebank and Waterside,-0.5463780715972596,#f5f5f5
294,S02001530,Twechar and Harestanes East,-0.17832769448430705,#f5f5f5
295,S02001531,Harestanes,-0.4207007551267852,#f5f5f5
296,S02001532,Milton of Campsie,-0.3249987820860781,#f5f5f5
297,S02001533,Lennoxtown,-0.23689706624262766,#f5f5f5
298,S02001534,IZ01,0.0682140750085643,#f5f5f5
299,S02001535,IZ02,0.5069153685646773,#f5f5f5
300,S02001536,IZ03,0.3480931115353696,#f5f5f5
301,S02001537,IZ04,0.5736464829953832,#f5f5f5
302,S02001538,IZ05,0.43319886173283284,#f5f5f5
303,S02001539,IZ06,0.10081068627089049,#f5f5f5
304,S02001540,IZ07,-0.6171813752013974,#f5f5f5
305,S02001541,IZ08,-0.6143435570997146,#f5f5f5
306,S02001542,IZ09,-0.3706870281391013,#f5f5f5
307,S02001543,IZ10,-0.42116965197679496,#f5f5f5
308,S02001544,IZ11,-0.19082798620163996,#f5f5f5
309,S02001545,IZ12,0.23914167699030436,#f5f5f5
310,S02001546,IZ13,0.29735991342030177,#f5f5f5
311,S02001547,IZ14,0.23356628477729727,#f5f5f5
312,S02001548,IZ15,-0.02309112281088758,#f5f5f5
313,S02001549,IZ16,-0.021961880915799207,#f5f5f5
314,S02001550,IZ17,1.109729917715109,#f6e8c3
315,S02001551,IZ18,2.057837414581204,#dfc27d
316,S02001552,IZ19,1.5856967095858907,#f6e8c3
317,S02001553,IZ20,0.6655868680887874,#f5f5f5
318,S02001554,IZ21,0.39428441989147506,#f5f5f5
319,S02001555,IZ22,0.33542003996264286,#f5f5f5
320,S02001556,Neilston and Uplawmoor,-1.0233067127494964,#c7eae5
321,S02001557,Cross Stobbs,-1.3953841455334441,#c7eae5
322,S02001558,"Dunterlie, East Arthurlie and Dovecothall",-1.6438517767980982,#c7eae5
323,S02001559,Arthurlie and Gateside,-1.3273838669996492,#c7eae5
324,S02001560,Auchenback,-1.782706028423767,#c7eae5
325,S02001561,Crookfur and Fruin,-1.563492438682087,#c7eae5
326,S02001562,"Mearns Village, Westacres and Greenfarm",-1.2680804003362645,#c7eae5
327,S02001563,Whitecraigs and Broom,0.6010187928018659,#f5f5f5
328,S02001564,Mearnskirk and South Kirkhill,-0.8750410360144413,#f5f5f5
329,S02001565,Eaglesham and Waterfoot,0.06211379836514763,#f5f5f5
330,S02001566,North Kirkhill,0.38361924186994095,#f5f5f5
331,S02001567,Busby,0.08828666393668363,#f5f5f5
332,S02001568,Clarkston and Sheddens,0.3275325330370052,#f5f5f5
333,S02001569,Williamwood,0.4078441301150856,#f5f5f5
334,S02001570,Stamperland,0.056391131819506696,#f5f5f5
335,S02001571,Netherlee,-0.3956918318112506,#f5f5f5
336,S02001572,Merrylee and Braidbar,0.22991329702777505,#f5f5f5
337,S02001573,Lower Whitecraigs and South Giffnock,0.3963080640190073,#f5f5f5
338,S02001574,North Giffnock and North Thornliebank,-0.4868633053813664,#f5f5f5
339,S02001575,South Thornliebank and Woodfarm,-1.0711858597323007,#c7eae5
340,S02001576,Balerno and Bonnington Village,-0.2576557318143948,#f5f5f5
341,S02001577,Currie West,0.4440387356032856,#f5f5f5
342,S02001578,Currie East,0.11412135262899824,#f5f5f5
343,S02001579,Baberton and Juniper Green,-0.3299773146829132,#f5f5f5
344,S02001580,Bonaly and The Pentlands,0.08425064411964558,#f5f5f5
345,S02001581,Colinton and Kingsknowe,0.2536856175674252,#f5f5f5
346,S02001582,Clovenstone and Wester Hailes,-0.4118849939988343,#f5f5f5
347,S02001583,The Calders,-0.6462148137016928,#f5f5f5
348,S02001584,Murrayburn and Wester Hailes North,-0.6631810390700322,#f5f5f5
349,S02001585,Parkhead and Sighthill,-1.0142142492627855,#c7eae5
350,S02001586,Broomhouse and Bankhead,-1.1551567165448438,#c7eae5
351,S02001587,Stenhouse and Saughton Mains,-0.4099979682252844,#f5f5f5
352,S02001588,Longstone and Saughton,-0.5323003982473782,#f5f5f5
353,S02001589,Slateford and Chesser,0.38386201916897295,#f5f5f5
354,S02001590,Gorgie West,0.6737841620519459,#f5f5f5
355,S02001591,Gorgie East,0.48757583458658355,#f5f5f5
356,S02001592,Shandon,0.879659251222138,#f5f5f5
357,S02001593,Craiglockhart,0.662317958628843,#f5f5f5
358,S02001594,Morningside and Craighouse,1.0132311603597046,#f6e8c3
359,S02001595,Greenbank and The Braids,0.4666037535729905,#f5f5f5
360,S02001596,Colinton Mains and Firrhill,0.36878229827650993,#f5f5f5
361,S02001597,Oxgangs,0.014855970592623419,#f5f5f5
362,S02001598,Comiston and Swanston,-0.34056095602909925,#f5f5f5
363,S02001599,Fairmilehead,-0.604823467564895,#f5f5f5
364,S02001600,Gilmerton South and the Murrays,-0.9002040903930519,#f5f5f5
365,S02001601,Mortonhall and Anwickhill,-1.3334426984455106,#c7eae5
366,S02001602,"Gracemount, Southhouse and Burdiehouse",-1.540813832654009,#c7eae5
367,S02001603,Hyvots and Gilmerton,-0.7250657189499844,#f5f5f5
368,S02001604,Fernieside and Moredun South,-0.4788493593493244,#f5f5f5
369,S02001605,Moredun and Craigour,-0.43821102334861856,#f5f5f5
370,S02001606,Liberton East,-0.7018420602898491,#f5f5f5
371,S02001607,Liberton West and Braid Hills,-0.5636073766639056,#f5f5f5
372,S02001608,The Inch,-0.028458403576118365,#f5f5f5
373,S02001609,"Blackford, West Mains and Mayfield Road",0.315051274843213,#f5f5f5
374,S02001610,Prestonfield,0.09749502540103905,#f5f5f5
375,S02001611,Newington and Dalkeith Road,1.1283679030865321,#f6e8c3
376,S02001612,The Grange,2.0468621459594027,#dfc27d
377,S02001613,Marchmont East and Sciennes,3.264376776084808,#bf812d
378,S02001614,Marchmont West,2.742199675046863,#dfc27d
379,S02001615,Morningside,1.8528011834997578,#f6e8c3
380,S02001616,Merchiston and Greenhill,1.504912057783109,#f6e8c3
381,S02001617,Bruntsfield,1.2070662824425373,#f6e8c3
382,S02001618,Polwarth,0.8355523308532712,#f5f5f5
383,S02001619,Dalry and Fountainbridge,2.8144135675210507,#dfc27d
384,S02001620,Tollcross,8.216028769785797,#8c510a
385,S02001621,Meadows and Southside,3.9672893128955673,#bf812d
386,S02001622,"Old Town, Princes Street and Leith Street",6.780865521274762,#8c510a
387,S02001623,"Canongate, Southside and Dumbiedykes",1.5861471012746076,#f6e8c3
388,S02001624,Abbeyhill,1.6357412222455736,#f6e8c3
389,S02001625,Meadowbank and Abbeyhill North,0.6130682703649486,#f5f5f5
390,S02001626,Willowbrae and Duddingston Village,-0.2516751182867011,#f5f5f5
391,S02001627,Craigmillar,-0.5195325009491009,#f5f5f5
392,S02001628,Niddrie,-0.29235892615124565,#f5f5f5
393,S02001629,"Bingham, Magdalene and The Christians",0.12438788930881232,#f5f5f5
394,S02001630,"Jewel, Brunstane and Newcraighall",-0.011017345372820274,#f5f5f5
395,S02001631,Joppa,0.10253980337001457,#f5f5f5
396,S02001632,Portobello,0.11594028451775813,#f5f5f5
397,S02001633,Duddingston and Portobello South,0.2188397049331193,#f5f5f5
398,S02001634,Mountcastle,-0.03205848865661101,#f5f5f5
399,S02001635,Northfield and Piershill,-0.23688403819053275,#f5f5f5
400,S02001636,Craigentinny,0.06173034547943907,#f5f5f5
401,S02001637,Restalrig (Loganlea) and Craigentinny West,-0.2309769881215157,#f5f5f5
402,S02001638,Restalrig and Lochend,0.25685903066456495,#f5f5f5
403,S02001639,Leith (Hermitage and Prospect Bank),0.3830178311178312,#f5f5f5
404,S02001640,Western Harbour and Leith Docks,0.8457295466029169,#f5f5f5
405,S02001641,North Leith and Newhaven,0.7946559586485542,#f5f5f5
406,S02001642,The Shore and Constitution Street,0.949401486854705,#f5f5f5
407,S02001643,Great Junction Street,1.029091443118973,#f6e8c3
408,S02001644,South Leith,0.48397331717534414,#f5f5f5
409,S02001645,Easter Road and Hawkhill Avenue,0.8800538558735399,#f5f5f5
410,S02001646,Leith (Albert Street),1.2276190033510845,#f6e8c3
411,S02001647,Hillside and Calton Hill,2.280852410056472,#dfc27d
412,S02001648,Pilrig,0.7355280704689273,#f5f5f5
413,S02001649,Bonnington,0.37598220343637945,#f5f5f5
414,S02001650,Trinity East and The Dudleys,0.17703462644045223,#f5f5f5
415,S02001651,Trinity,0.5545646621433703,#f5f5f5
416,S02001652,"Inverleith, Goldenacre and Warriston",0.8847671180794133,#f5f5f5
417,S02001653,Broughton North and Powderhall,0.5255184140098146,#f5f5f5
418,S02001654,Broughton South,0.2774376065523835,#f5f5f5
419,S02001655,New Town East and Gayfield,1.1883571896852434,#f6e8c3
420,S02001656,New Town West,4.952439215685529,#bf812d
421,S02001657,Canonmills and New Town North,2.3989462082180664,#dfc27d
422,S02001658,Stockbridge,2.1277475592912447,#dfc27d
423,S02001659,Comely Bank,2.6674967115398793,#dfc27d
424,S02001660,Deans Village,4.276580804036746,#bf812d
425,S02001661,Balgreen and Roseburn,0.33250252252268797,#f5f5f5
426,S02001662,Murrayfield and Ravelston,0.7481483678982875,#f5f5f5
427,S02001663,"Craigleith, Orchard Brae and Crewe Toll",0.836688398519723,#f5f5f5
428,S02001664,Blackhall,-0.876474086917094,#f5f5f5
429,S02001665,Drylaw,-1.1558180386579322,#c7eae5
430,S02001666,West Pilton,-1.289156403272461,#c7eae5
431,S02001667,Boswall and Pilton,-0.3117242792454108,#f5f5f5
432,S02001668,Granton South and Wardieburn,-0.5241017395685844,#f5f5f5
433,S02001669,Granton and Royston Mains,-1.0179607611057575,#c7eae5
434,S02001670,Granton West and Salvesen,-1.44351021052257,#c7eae5
435,S02001671,Muirhouse,-1.316641912776993,#c7eae5
436,S02001672,Siverknowes and Davidson's Mains,-1.292606556942397,#c7eae5
437,S02001673,Cramond,-0.5597054996934858,#f5f5f5
438,S02001674,"Barnton, Cammo and Cramond South",-1.0269892337944027,#c7eae5
439,S02001675,Clermiston and Drumbrae,-1.1329044801274615,#c7eae5
440,S02001676,East Craigs North,-1.0758791876703269,#c7eae5
441,S02001677,East Craigs South,-0.9524922697544544,#f5f5f5
442,S02001678,Corstorphine North,-0.9249171361679716,#f5f5f5
443,S02001679,Corstorphine,-0.5552709461327633,#f5f5f5
444,S02001680,Carrick Knowe,-0.7270453786368571,#f5f5f5
445,S02001681,Corstorphine South,-1.004434265411226,#c7eae5
446,S02001682,South Gyle,-0.752234028161207,#f5f5f5
447,S02001683,"Ratho, Ingliston and Gogar",-1.1923156434015905,#c7eae5
448,S02001684,"Dalmeny, Kirkliston and Newbridge",-1.4084136395780094,#c7eae5
449,S02001685,Queensferry East,-0.797315169758447,#f5f5f5
450,S02001686,Queensferry West,-0.7886010082456557,#f5f5f5
451,S02001687,Barra and South Uist,-1.973209942626712,#c7eae5
452,S02001688,Benbecula and North Uist,-2.47802900588587,#80cdc1
453,S02001689,Harris,-1.622289565643882,#c7eae5
454,S02001690,South Lewis,-1.4652463761604393,#c7eae5
455,S02001691,Northwest Lewis,-1.0026977611164412,#c7eae5
456,S02001692,Broadbay,-0.8621174146111792,#f5f5f5
457,S02001693,Stornoway West,-0.6832953396624999,#f5f5f5
458,S02001694,Stornoway East,-0.6597518926899482,#f5f5f5
459,S02001695,Point,-0.7951849643332092,#f5f5f5
460,S02001696,Dunipace,0.442558221892347,#f5f5f5
461,S02001697,"Fankerton, Stoneywood and Denny Town",0.17816304492089957,#f5f5f5
462,S02001698,Denny - Nethermains,-0.1690721905334152,#f5f5f5
463,S02001699,Head of Muir and Dennyloanhead,-0.5541774969462901,#f5f5f5
464,S02001700,"Banknock, Haggs and Longcroft",0.18304130146227773,#f5f5f5
465,S02001701,Bonnybridge,-0.7372980810559567,#f5f5f5
466,S02001702,High Bonnybridge and Greenhill,0.1271648751366632,#f5f5f5
467,S02001703,Larbert - North Broomage and Inches,2.1180905874173743,#dfc27d
468,S02001704,Larbert - South Broomage and Village,1.6366417349767322,#f6e8c3
469,S02001705,Stenhousemuir West,-0.29776736596952363,#f5f5f5
470,S02001706,Stenhousemuir East,-0.249718576465875,#f5f5f5
471,S02001707,Stenhousemuir - Antonshill,-0.16962948270879383,#f5f5f5
472,S02001708,Carron,-0.17691939347677557,#f5f5f5
473,S02001709,Carronshore,-0.2684092165319062,#f5f5f5
474,S02001710,Carse and Grangemouth Old Town,0.08032795815705421,#f5f5f5
475,S02001711,Falkirk - Bainsford and Langlees,-0.1620208273461691,#f5f5f5
476,S02001712,Falkirk - Merchiston and New Carron Village,-0.23177342032639422,#f5f5f5
477,S02001713,Falkirk - Grahamston,-0.36700638078051434,#f5f5f5
478,S02001714,Falkirk - Middlefield,-0.06742889688843177,#f5f5f5
479,S02001715,Falkirk - Town Centre and Callendar Park,-0.6485734856833716,#f5f5f5
480,S02001716,Falkirk - Bantaskin,0.2528726957560134,#f5f5f5
481,S02001717,Falkirk - Camelon East,0.046784045537569666,#f5f5f5
482,S02001718,Falkirk - Camelon West,0.16770328382754177,#f5f5f5
483,S02001719,Falkirk - Tamfourhill,0.025183626228350662,#f5f5f5
484,S02001720,Falkirk - Lochgreen and Lionthorn,-0.4515227182206525,#f5f5f5
485,S02001721,Hallglen and Glen Village,-0.3723200046391773,#f5f5f5
486,S02001722,Shieldhill,-0.6419324325120636,#f5f5f5
487,S02001723,Braes Villages,-0.6131639629234137,#f5f5f5
488,S02001724,Reddingmuirhead and Overton,0.14386334976498483,#f5f5f5
489,S02001725,Brightons and Wallacestone,0.24669364112658174,#f5f5f5
490,S02001726,Maddiston and Rumford,0.5095498827270439,#f5f5f5
491,S02001727,Polmont,0.9384863701491838,#f5f5f5
492,S02001728,Redding,0.18437999301462246,#f5f5f5
493,S02001729,Laurieston and Westquarter,0.14327603127045993,#f5f5f5
494,S02001730,Grangemouth - Newlands,1.0827230005551471,#f6e8c3
495,S02001731,Grangemouth - Town Centre,1.3375552565369402,#f6e8c3
496,S02001732,Grangemouth - Kersiebank,2.4340095244695523,#dfc27d
497,S02001733,Grangemouth - Bowhouse,1.577513681417742,#f6e8c3
498,S02001734,Bo'ness - Douglas,0.4127416518618691,#f5f5f5
499,S02001735,Bo'ness - Newtown,0.11104881937378315,#f5f5f5
500,S02001736,Bo'ness - Kinneil,0.004613520999522162,#f5f5f5
501,S02001737,"Blackness, Bo'ness - Carriden and Grahamsdyke",0.10374727645694666,#f5f5f5
502,S02001738,Kincardine,-0.17344583526269278,#f5f5f5
503,S02001739,Oakley Comrie and Blairhall,-0.49493960562913536,#f5f5f5
504,S02001740,Saline and Gowkhall,-0.4449926425678306,#f5f5f5
505,S02001741,Valleyfield Culross and Torryburn,-0.11137078493406885,#f5f5f5
506,S02001742,Cairneyhill and Crombie,0.2960160260110117,#f5f5f5
507,S02001743,Crossford Charlestown and Limekilns,0.2765673104432137,#f5f5f5
508,S02001744,Dunfermline Milesmark and Wellwood,-0.11524839654776001,#f5f5f5
509,S02001745,Dunfermline Baldridgeburn,-0.19300791763564498,#f5f5f5
510,S02001746,Dunfermline Headwell,0.07495642768613285,#f5f5f5
511,S02001747,Dunfermline Central,-0.26096966873085814,#f5f5f5
512,S02001748,Dunfermline Brucefield,0.10367336791376389,#f5f5f5
513,S02001749,Dunfermline Garvock Hill,-0.27205911546802186,#f5f5f5
514,S02001750,Dunfermline Bellyeoman and Townhill,-0.4431050028898044,#f5f5f5
515,S02001751,Dunfermline Duloch North and Lynebank,-0.9737899110064676,#f5f5f5
516,S02001752,Dunfermline Touch and Woodmill,-0.7010946264160344,#f5f5f5
517,S02001753,Dunfermline Abbeyview North,-0.9798690936693593,#f5f5f5
518,S02001754,Dunfermline Abbeyview South,-1.0650093286249251,#c7eae5
519,S02001755,Dunfermline Duloch South,-0.8254904867771785,#f5f5f5
520,S02001756,Dunfermline Masterton,-0.538668831768309,#f5f5f5
521,S02001757,Dunfermline Pitcorthie East,-0.17418446813941854,#f5f5f5
522,S02001758,Dunfermline Pitcorthie West,0.01545767194309021,#f5f5f5
523,S02001759,Rosyth North,0.05852071738129734,#f5f5f5
524,S02001760,Rosyth East,0.1774910615723362,#f5f5f5
525,S02001761,Rosyth Central,-0.1376175272660844,#f5f5f5
526,S02001762,Rosyth South,-0.48804301082006885,#f5f5f5
527,S02001763,North Queensferry and Inverkeithing West,-1.1861321380456196,#c7eae5
528,S02001764,Inverkeithing East,-1.3933092427267266,#c7eae5
529,S02001765,Dalgety Bay West and Hillend,-0.9507540842936616,#f5f5f5
530,S02001766,Dalgety Bay Central,-0.934630126439053,#f5f5f5
531,S02001767,Dalgety Bay East,-0.8177081580897924,#f5f5f5
532,S02001768,Crossgates and Halbeath,-0.7582227780203478,#f5f5f5
533,S02001769,Hill of Beath and Kingseat,-0.7015729249936095,#f5f5f5
534,S02001770,Cowdenbeath South,-0.44372801496137554,#f5f5f5
535,S02001771,Cowdenbeath North,-0.5946859684414847,#f5f5f5
536,S02001772,Kelty West,-1.2831045858564598,#c7eae5
537,S02001773,Kelty East,-1.2738963765361337,#c7eae5
538,S02001774,Lochore and Crosshill,-0.36305156852358983,#f5f5f5
539,S02001775,Ballingry,-0.0436539133835369,#f5f5f5
540,S02001776,Cardenden,-0.8617677233332777,#f5f5f5
541,S02001777,Lochgelly East,-0.52115126365,#f5f5f5
542,S02001778,Lochgelly West and Lumphinnans,0.03675296968004861,#f5f5f5
543,S02001779,Aberdour and Auchtertool,-0.6404907280186023,#f5f5f5
544,S02001780,Burntisland West,-0.4034823531470779,#f5f5f5
545,S02001781,Burntisland East,-0.3930822186843857,#f5f5f5
546,S02001782,Kinghorn,-0.19079798661339634,#f5f5f5
547,S02001783,Kirkcaldy Linktown & Seafield,-0.7626216970021484,#f5f5f5
548,S02001784,Kirkcaldy Central,-0.7192273499652463,#f5f5f5
549,S02001785,Kirkcaldy Bennochy East,-1.2744971319079998,#c7eae5
550,S02001786,Kirkcaldy Bennochy West,-0.6290146565468697,#f5f5f5
551,S02001787,Kirkcaldy Raith,-1.302583414288812,#c7eae5
552,S02001788,Kirkcaldy Newliston and Redcraigs,-1.599292071320019,#c7eae5
553,S02001789,Kirkcaldy Templehall West,-2.02078159340579,#80cdc1
554,S02001790,Kirkcaldy Templehall East,-2.260219100970463,#80cdc1
555,S02001791,Kirkcaldy Dunnikier,-2.9251519556548677,#80cdc1
556,S02001792,Kirkcaldy Chapel,-2.7153695192995793,#80cdc1
557,S02001793,Kirkcaldy Hayfield and Smeaton,-3.6485623913526535,#35978f
558,S02001794,Kirkcaldy Pathhead,-2.2719921538915586,#80cdc1
559,S02001795,Kirkcaldy Gallatown and Sinclairtown,-2.798012382520448,#80cdc1
560,S02001796,Dysart,-2.4866145150603107,#80cdc1
561,S02001797,Wemyss,-2.0119794292318334,#80cdc1
562,S02001798,Thornton and Kinglassie,-1.0507753016404466,#c7eae5
563,S02001799,Leslie and Newcastle,-0.1843308253515194,#f5f5f5
564,S02001800,Glenrothes Macedonia and Tanshall,1.00633017933522,#f6e8c3
565,S02001801,Glenrothes South Parks,0.9395651875269264,#f5f5f5
566,S02001802,Glenrothes Caskieberran and Rimbleton,0.36679059122849694,#f5f5f5
567,S02001803,Glenrothes Auchmuty,-0.7232542014335953,#f5f5f5
568,S02001804,Glenrothes Stenton and Finglassie,-0.5690316754175545,#f5f5f5
569,S02001805,Glenrothes Pitteuchar,-1.1224810423918414,#c7eae5
570,S02001806,Glenrothes Woodside,-0.9928882610091462,#f5f5f5
571,S02001807,Glenrothes Balgeddie and Town Park,0.2371609044423492,#f5f5f5
572,S02001808,Glenrothes Collydean,0.3287099554977502,#f5f5f5
573,S02001809,Glenrothes Cadham and Pitcoudie,0.40950841731112425,#f5f5f5
574,S02001810,Glenrothes Balfarg Pitcairn and Coul,0.306415572659893,#f5f5f5
575,S02001811,Markinch and Star,-0.5669538448530129,#f5f5f5
576,S02001812,Windygates and Coaltown,-1.280252345998016,#c7eae5
577,S02001813,"Buckhaven, Denbeath and Muiredge",-1.9702220933411843,#c7eae5
578,S02001814,Methil Methilhill,-1.87835841649266,#c7eae5
579,S02001815,Methil West,-1.6182070753197686,#c7eae5
580,S02001816,Methil East,-1.2983220333253918,#c7eae5
581,S02001817,Leven East,-0.7277704553404838,#f5f5f5
582,S02001818,Leven West,-1.4038540855747437,#c7eae5
583,S02001819,Leven North,-0.8031216198976876,#f5f5f5
584,S02001820,Largo,-1.0216558697507803,#c7eae5
585,S02001821,Kennoway and Bonnybank,-1.2034411829794522,#c7eae5
586,S02001822,Kettle and Ladybank,-0.17801537790290267,#f5f5f5
587,S02001823,Falkland and Freuchie,-0.1721567857233427,#f5f5f5
588,S02001824,Auchtermuchty and Gateside,-0.19418781258986656,#f5f5f5
589,S02001825,Newburgh,0.6699044285876008,#f5f5f5
590,S02001826,Cupar West and Springfield,0.07653692991349854,#f5f5f5
591,S02001827,Cupar Central,0.2708600039485422,#f5f5f5
592,S02001828,Cupar East,0.22803451554168552,#f5f5f5
593,S02001829,Dairsie Ceres and Dunino,0.19155842679747712,#f5f5f5
594,S02001830,Elie Colinsburgh and Largoward,-0.07183924731933038,#f5f5f5
595,S02001831,St Monans and Pittenweem,-0.12811940423392748,#f5f5f5
596,S02001832,Anstruther,0.7954329447017356,#f5f5f5
597,S02001833,Crail and Boarhills,0.7842543827019501,#f5f5f5
598,S02001834,St Andrews South East,1.1232213188431281,#f6e8c3
599,S02001835,St Andrews Central,1.1047572346470573,#f6e8c3
600,S02001836,St Andrews South West,0.9443366802807535,#f5f5f5
601,S02001837,St Andrews North and Strathkinness,0.5906736113186292,#f5f5f5
602,S02001838,Leuchars and Guardbridge,0.1663794675684689,#f5f5f5
603,S02001839,Balmullo and Gauldry,0.3859475561918745,#f5f5f5
604,S02001840,Tayport,0.11791975550438429,#f5f5f5
605,S02001841,Newport and Wormit,0.06526180371068747,#f5f5f5
606,S02001842,Darnley East,-1.9966437427200432,#c7eae5
607,S02001843,Darnley North,-2.0722357056002316,#80cdc1
608,S02001844,Darnley West,-2.14064025714367,#80cdc1
609,S02001845,Nitshill,-2.011775147878364,#80cdc1
610,S02001846,Crookston South,-1.9610377013525597,#c7eae5
611,S02001847,Crookston North,-1.898595504115648,#c7eae5
612,S02001848,Pollok South and West,-1.8466277999904612,#c7eae5
613,S02001849,Pollok North and East,-1.7116072657542132,#c7eae5
614,S02001850,Cardonald South and East,-1.3381677586256335,#c7eae5
615,S02001851,Cardonald North,-0.8592269694915298,#f5f5f5
616,S02001852,Cardonald West and Central,-1.062647327512063,#c7eae5
617,S02001853,Penilee,-0.2543634774530029,#f5f5f5
618,S02001854,Hillington,-0.1252363446422548,#f5f5f5
619,S02001855,Drumoyne and Shieldhall,-0.7400877258155181,#f5f5f5
620,S02001856,Govan and Linthouse,-0.9942708125366141,#f5f5f5
621,S02001857,Craigton,-1.4308361644583516,#c7eae5
622,S02001858,Mosspark,-1.4551437348895953,#c7eae5
623,S02001859,Ibrox,-0.8908552607155836,#f5f5f5
624,S02001860,Ibrox East and Cessnock,-1.0603312207239572,#c7eae5
625,S02001861,Kinning Park and Festival Park,-1.8763288235657833,#c7eae5
626,S02001862,Kingston West and Dumbreck,-1.967782354198902,#c7eae5
627,S02001863,Pollokshields West,-2.70978998270209,#80cdc1
628,S02001864,Pollokshields East,-2.7671568688281183,#80cdc1
629,S02001865,Govanhill West,-2.223740933723954,#80cdc1
630,S02001866,Govanhill East and Aikenhead,-2.319319643218656,#80cdc1
631,S02001867,Battlefield,-0.9621555178817878,#f5f5f5
632,S02001868,Strathbungo,-1.1698314362596385,#c7eae5
633,S02001869,Maxwell Park,-1.1012174182773369,#c7eae5
634,S02001870,Shawlands West,-0.01849281504540663,#f5f5f5
635,S02001871,Shawlands East,-0.4362417580469449,#f5f5f5
636,S02001872,Langside,-0.2372887549201828,#f5f5f5
637,S02001873,Pollokshaws,-1.0968119938094485,#c7eae5
638,S02001874,Carnwadric West,-2.0465510642923075,#80cdc1
639,S02001875,Carnwadric East,-1.1299250265680263,#c7eae5
640,S02001876,Newlands,-0.2196588179066682,#f5f5f5
641,S02001877,Merrylee and Millbrae,-0.08335801643916364,#f5f5f5
642,S02001878,Muirend and Old Cathcart,-0.5284700988343352,#f5f5f5
643,S02001879,Carmunnock North,-2.4214135110363295,#80cdc1
644,S02001880,Carmunnock South,-1.3137709373984858,#c7eae5
645,S02001881,Glenwood South,-2.050983866250567,#80cdc1
646,S02001882,Glenwood North,-2.2670010737139377,#80cdc1
647,S02001883,Castlemilk,-2.1294740798585923,#80cdc1
648,S02001884,Kingspark South,-2.150458280876053,#80cdc1
649,S02001885,Kingspark North,-1.748943196757078,#c7eae5
650,S02001886,Cathcart,-1.213780099354438,#c7eae5
651,S02001887,Mount Florida,-1.3722130999887174,#c7eae5
652,S02001888,Toryglen and Oatlands,-2.504203919832372,#80cdc1
653,S02001889,Gorbals and Hutchesontown,-2.1735659541957006,#80cdc1
654,S02001890,Laurieston and Tradeston,-2.87469167628513,#80cdc1
655,S02001891,Calton and Gallowgate,-1.1142974132295302,#c7eae5
656,S02001892,Bridgeton,-1.6649990685492742,#c7eae5
657,S02001893,Dalmarnock,-1.811645965082404,#c7eae5
658,S02001894,Parkhead West and Barrowfield,-0.9107822187073351,#f5f5f5
659,S02001895,Parkhead East and Braidfauld North,-1.3522287332767293,#c7eae5
660,S02001896,Braidfauld,-0.8675290705170153,#f5f5f5
661,S02001897,Shettleston South,-0.9014953052588343,#f5f5f5
662,S02001898,Carmyle and Mount Vernon South,-0.7679180148405034,#f5f5f5
663,S02001899,Mount Vernon North and Sandyhills,-0.8798421456708433,#f5f5f5
664,S02001900,Baillieston West,-0.8928769042143374,#f5f5f5
665,S02001901,Baillieston East,-0.5390656394713392,#f5f5f5
666,S02001902,Garrowhill West,-0.9165919953580697,#f5f5f5
667,S02001903,Garrowhill East and Swinton,-0.8324883414217757,#f5f5f5
668,S02001904,Easterhouse East,-0.60035021043495,#f5f5f5
669,S02001905,Central Easterhouse,-1.0176634109356772,#c7eae5
670,S02001906,"Garthamlock, Auchinlea and Gartloch",-1.0754415559763957,#c7eae5
671,S02001907,North Barlanark and Easterhouse South,-0.8865778581542396,#f5f5f5
672,S02001908,Barlanark,-0.8939086373470507,#f5f5f5
673,S02001909,Greenfield,-1.3909207459049584,#c7eae5
674,S02001910,Shettleston North,-1.2197243864049745,#c7eae5
675,S02001911,Tollcross,-0.9180350066993745,#f5f5f5
676,S02001912,Old Shettleston and Parkhead North,-1.261408644279932,#c7eae5
677,S02001913,Carntyne,-0.5141694199572812,#f5f5f5
678,S02001914,"Cranhill, Lightburn and Queenslie South",-1.1179830180442576,#c7eae5
679,S02001915,Craigend and Ruchazie,-0.45660019807743124,#f5f5f5
680,S02001916,Riddrie and Hogganfield,0.06693918279644798,#f5f5f5
681,S02001917,Blackhill and Barmulloch East,-0.2933439871965089,#f5f5f5
682,S02001918,Robroyston and Millerston,-1.0447126308217771,#c7eae5
683,S02001919,Balornock,-0.7988023533404717,#f5f5f5
684,S02001920,Barmulloch,-0.6733955498057831,#f5f5f5
685,S02001921,Petershill,-1.2371214696473452,#c7eae5
686,S02001922,Springburn,-0.5950244522162201,#f5f5f5
687,S02001923,Springburn East and Cowlairs,0.31502196454122444,#f5f5f5
688,S02001924,Cowlairs and Port Dundas,-0.9117724849263213,#f5f5f5
689,S02001925,Sighthill,-0.6343004638831029,#f5f5f5
690,S02001926,"Roystonhill, Blochairn, and Provanmill",0.2913806300695661,#f5f5f5
691,S02001927,Dennistoun North,0.1729011913107786,#f5f5f5
692,S02001928,Alexandra Parade,1.2930996868515927,#f6e8c3
693,S02001929,Carntyne West and Haghill,-0.6621267265247781,#f5f5f5
694,S02001930,Dennistoun,-1.7133696431946956,#c7eae5
695,S02001931,Gallowgate North and Bellgrove,-0.03321121714852356,#f5f5f5
696,S02001932,City Centre East,0.9420628421483884,#f5f5f5
697,S02001933,City Centre West,0.2734449834854406,#f5f5f5
698,S02001934,City Centre South,-0.5713031400661355,#f5f5f5
699,S02001935,Anderston,-0.40265328906468395,#f5f5f5
700,S02001936,Finnieston and Kelvinhaugh,0.533050320755088,#f5f5f5
701,S02001937,Woodlands,-0.02243954805728052,#f5f5f5
702,S02001938,Woodside,-0.14916676693084654,#f5f5f5
703,S02001939,Firhill,0.005145484932404754,#f5f5f5
704,S02001940,Keppochhill,-0.8235090957976217,#f5f5f5
705,S02001941,Ruchill,-0.4624518053333438,#f5f5f5
706,S02001942,Possil Park,-0.7032161251523469,#f5f5f5
707,S02001943,Milton West,-0.38601162831372143,#f5f5f5
708,S02001944,Milton East,-0.08344786932231504,#f5f5f5
709,S02001945,Summerston Central and West,-0.4832796085253024,#f5f5f5
710,S02001946,Summerston North,-0.5407010400734613,#f5f5f5
711,S02001947,Maryhill East,-0.5246115820363528,#f5f5f5
712,S02001948,Maryhill West,-0.8683193763161627,#f5f5f5
713,S02001949,Wyndford,-0.6574397026704896,#f5f5f5
714,S02001950,Kelvindale,0.4338908169040021,#f5f5f5
715,S02001951,North Kelvin,-0.9251980239029438,#f5f5f5
716,S02001952,Kelvingrove and University,-1.0595472466091826,#c7eae5
717,S02001953,Hillhead,0.26896435215727793,#f5f5f5
718,S02001954,Glasgow Harbour and Partick South,0.30100035007392256,#f5f5f5
719,S02001955,Partick,0.25668828911349884,#f5f5f5
720,S02001956,Partickhill and Hyndland,0.4038273398513571,#f5f5f5
721,S02001957,Dowanhill,0.527518885599867,#f5f5f5
722,S02001958,Kelvinside and Jordanhill,0.180104593744346,#f5f5f5
723,S02001959,Broomhill,0.7033133955819071,#f5f5f5
724,S02001960,Victoria Park,0.016377175374122456,#f5f5f5
725,S02001961,Whiteinch,-0.22225225643117716,#f5f5f5
726,S02001962,Scotstoun North and East,-0.17485787604443417,#f5f5f5
727,S02001963,Scotstoun South and West,-0.2868317710971065,#f5f5f5
728,S02001964,Yoker South,-0.13328877717417975,#f5f5f5
729,S02001965,Yoker North,-1.4907901790297071,#c7eae5
730,S02001966,Knightswood West,-0.8285561465695693,#f5f5f5
731,S02001967,Knightswood East,0.3440192458540334,#f5f5f5
732,S02001968,Knightswood Park West,-0.22566666668619628,#f5f5f5
733,S02001969,Knightswood Park East,-0.23703855916535155,#f5f5f5
734,S02001970,Anniesland East,-0.4329149656238846,#f5f5f5
735,S02001971,Anniesland West,-0.9365548082973895,#f5f5f5
736,S02001972,Blairdardie East,-1.0757246162694563,#c7eae5
737,S02001973,Blairdardie West,-1.7072684900331943,#c7eae5
738,S02001974,Drumchapel South,-1.3327732971929451,#c7eae5
739,S02001975,Drumchapel North,-1.1975864009746808,#c7eae5
740,S02001976,Drumry East,-1.0715060178119107,#c7eae5
741,S02001977,Drumry West,-1.1012868357316847,#c7eae5
742,S02001978,Lochaber West,0.5236981702236283,#f5f5f5
743,S02001979,Fort William North,0.5880437258174923,#f5f5f5
744,S02001980,Fort William South,1.380498238271925,#f6e8c3
745,S02001981,Lochaber East and North,0.7893239406823599,#f5f5f5
746,S02001982,Badenoch and Strathspey South,-0.9788933225397249,#f5f5f5
747,S02001983,Badenoch and Strathspey Central,-0.2140183102056551,#f5f5f5
748,S02001984,Badenoch and Strathspey North,0.8694906766871735,#f5f5f5
749,S02001985,Nairn Rural,0.2852799499033201,#f5f5f5
750,S02001986,Nairn East,1.3257375207412039,#f6e8c3
751,S02001987,Nairn West,1.3158328945065678,#f6e8c3
752,S02001988,Inverness East Rural,-0.7006115089164584,#f5f5f5
753,S02001989,Inverness Culloden and Balloch,-0.40719879860474634,#f5f5f5
754,S02001990,Inverness Smithton,-0.28349343677895056,#f5f5f5
755,S02001991,Inverness Westhill,-0.700573551797254,#f5f5f5
756,S02001992,Inverness Inshes,-1.1089723566364162,#c7eae5
757,S02001993,Inverness Slackbuie,-1.1357058083458098,#c7eae5
758,S02001994,Inverness Lochardil and Holm Mains,-1.11788284555145,#c7eae5
759,S02001995,Inverness Drummond,-0.8774565530952179,#f5f5f5
760,S02001996,Inverness Hilton,-1.221986228938197,#c7eae5
761,S02001997,Inverness Drakies,-1.5656232770751566,#c7eae5
762,S02001998,"Inverness Central, Raigmore and Longman",-0.8715342001804448,#f5f5f5
763,S02001999,Inverness Crown and Haugh,-0.9226781177340699,#f5f5f5
764,S02002000,Inverness Ballifeary and Dalneigh,-0.9956436274399924,#f5f5f5
765,S02002001,Inverness Muirtown,-0.6754922317516497,#f5f5f5
766,S02002002,Inverness Merkinch,-0.660235117023413,#f5f5f5
767,S02002003,Inverness Scorguie,-1.11017210873428,#c7eae5
768,S02002004,Inverness Kinmylies and South West,-1.117993222058358,#c7eae5
769,S02002005,Inverness West Rural,-0.7783169400014757,#f5f5f5
770,S02002006,Loch Ness,0.472658436594349,#f5f5f5
771,S02002007,Lochlash,-0.8349056566232671,#f5f5f5
772,S02002008,Skye South,-0.3848671455224997,#f5f5f5
773,S02002009,Skye North East,-0.8283859409825006,#f5f5f5
774,S02002010,Skye North West,-0.6073377128869986,#f5f5f5
775,S02002011,Ross and Cromarty South West,-1.1908994241855837,#c7eae5
776,S02002012,Ross and Cromarty North West,-1.6608892264952404,#c7eae5
777,S02002013,Ross and Cromarty Central,-1.46938818530045,#c7eae5
778,S02002014,Ross and Cromarty East,-1.2365683844076478,#c7eae5
779,S02002015,Muir of Ord,-1.7856356666559339,#c7eae5
780,S02002016,Conon,-1.7492951405499262,#c7eae5
781,S02002017,Dingwall,-1.7972635747959904,#c7eae5
782,S02002018,Black Isle South,-1.5046873330486854,#c7eae5
783,S02002019,Black Isle North,-1.5358441998850145,#c7eae5
784,S02002020,Alness,-1.2511989613921626,#c7eae5
785,S02002021,Invergordon,-1.2723420869136624,#c7eae5
786,S02002022,Seaboard,-0.7240772637148982,#f5f5f5
787,S02002023,Tain,-1.1173033592318846,#c7eae5
788,S02002024,Sutherland South,-0.6195255277090428,#f5f5f5
789,S02002025,Sutherland East,-0.7712819072686392,#f5f5f5
790,S02002026,Caithness South,-0.42657277945561584,#f5f5f5
791,S02002027,Wick South,-0.7921851889251639,#f5f5f5
792,S02002028,Wick North,-0.7716437248521626,#f5f5f5
793,S02002029,Caithness North East,0.40119545660963024,#f5f5f5
794,S02002030,Caithness North West,0.46427654654638106,#f5f5f5
795,S02002031,Thurso East,0.924370432116877,#f5f5f5
796,S02002032,Thurso West,1.012547868473408,#f6e8c3
797,S02002033,Sutherland North and West,-0.6655695120097069,#f5f5f5
798,S02002034,Kilmacolm Central,0.07597033355837632,#f5f5f5
799,S02002035,"Kilmacolm, Quarriers, Greenock Upper East/Central",0.14504116529848265,#f5f5f5
800,S02002036,Inverkip and Wemyss Bay,-0.38637570144232614,#f5f5f5
801,S02002037,"West Braeside, East Inverkip and West Gourock",0.061378380241921555,#f5f5f5
802,S02002038,Gourock Upper and West Central and Upper Larkfield,1.2367641373518194,#f6e8c3
803,S02002039,"Gourock Central, Upper East and IRH",1.0111101485504344,#f6e8c3
804,S02002040,"Braeside, Branchton, Lower Larkfield and Ravenscraig",0.5553556976058828,#f5f5f5
805,S02002041,"Lower Bow and Larkfield, Fancy Farm, Mallard Bowl",0.5279228730253398,#f5f5f5
806,S02002042,"Gourock East, Greenock West and Lyle Road",0.6718621697482609,#f5f5f5
807,S02002043,Greenock West and Central,0.6102864852897543,#f5f5f5
808,S02002044,"Bow Farm, Barrs Cottage, Cowdenknowes and Overton",0.34548593649217496,#f5f5f5
809,S02002045,Greenock Upper Central,0.21003364310646389,#f5f5f5
810,S02002046,Greenock Town Centre and East Central,0.4298348537671613,#f5f5f5
811,S02002047,Greenock East,0.5716573659771165,#f5f5f5
812,S02002048,"Port Glasgow Upper, West and Central",0.756311864455887,#f5f5f5
813,S02002049,"Port Glasgow Mid, East and Central",0.4941915741824044,#f5f5f5
814,S02002050,Port Glasgow Upper East,0.42543157403952203,#f5f5f5
815,S02002051,Rural South Midlothian,0.418302851138758,#f5f5f5
816,S02002052,Penicuik Southeast,0.8227322025192372,#f5f5f5
817,S02002053,Penicuik Southwest,1.0474491265925052,#f6e8c3
818,S02002054,Penicuik East,2.159871200526084,#dfc27d
819,S02002055,Penicuik North,2.3146124307311426,#dfc27d
820,S02002056,Pentland,0.4606433324027838,#f5f5f5
821,S02002057,Roslin and Bilston,-0.9121018717249421,#f5f5f5
822,S02002058,Straiton,-0.9237320370810655,#f5f5f5
823,S02002059,Loanhead,-0.8515430765447805,#f5f5f5
824,S02002060,Bonnyrigg South,-0.8136127331420268,#f5f5f5
825,S02002061,Bonnyrigg North,-0.7634385281231868,#f5f5f5
826,S02002062,Newbattle and Dalhousie,-0.7161326316375289,#f5f5f5
827,S02002063,Eskbank,-0.44373687592184813,#f5f5f5
828,S02002064,Shawfair,-0.587149161157275,#f5f5f5
829,S02002065,Thornybank,-0.050399656603222785,#f5f5f5
830,S02002066,Dalkeith,0.10519004285885643,#f5f5f5
831,S02002067,Pathhead and Rural East Midlothian,-0.07628865004619464,#f5f5f5
832,S02002068,Easthouses,-0.7259868284277544,#f5f5f5
833,S02002069,Mayfield,-0.8478982723101236,#f5f5f5
834,S02002070,Newtongrange,-0.9207358922746794,#f5f5f5
835,S02002071,North Gorebridge,-0.7099010659606965,#f5f5f5
836,S02002072,Gorebridge and Middleton,-0.6512482811963547,#f5f5f5
837,S02002073,South Speyside and the Cabrach,0.134681767118647,#f5f5f5
838,S02002074,North Speyside,0.10082846054906291,#f5f5f5
839,S02002075,Rural Keith and Strathisla,-0.32435134887355893,#f5f5f5
840,S02002076,Keith and Fife Keith,-0.5602351243729736,#f5f5f5
841,S02002077,"Cullen, Portknockie, Findochty, Drybridge and Berryhillock",0.3335629676476187,#f5f5f5
842,S02002078,Buckie Central East,0.08743981952764793,#f5f5f5
843,S02002079,Buckie West and Mains of Buckie,0.036810927341874494,#f5f5f5
844,S02002080,"Mosstodloch, Portgordon and seaward",1.2436865693476313,#f6e8c3
845,S02002081,"Fochabers, Aultmore, Clochan and Ordiquish",1.2157667198103028,#f6e8c3
846,S02002082,"Heldon West, Fogwatt to Inchberry",0.28870847205697386,#f5f5f5
847,S02002083,"Lhanbryde, Urquhart, Pitgavney and seaward",0.07765249646165037,#f5f5f5
848,S02002084,Elgin Cathedral to Ashgrove and Pinefield,-0.22819292437197075,#f5f5f5
849,S02002085,New Elgin East,-0.5907120171184395,#f5f5f5
850,S02002086,New Elgin West,-0.2652904538336404,#f5f5f5
851,S02002087,Elgin Central West,0.1403963190147945,#f5f5f5
852,S02002088,Elgin Bishopmill East and Ladyhill,0.048506623943440665,#f5f5f5
853,S02002089,Elgin Bishopmill West and Newfield,0.07818647167950851,#f5f5f5
854,S02002090,Lossiemouth East and Seatown,-0.8970936268944579,#f5f5f5
855,S02002091,Lossiemouth West,-0.8919333321041985,#f5f5f5
856,S02002092,"Burghead, Roseisle and Laich",-0.26135768372291174,#f5f5f5
857,S02002093,"Findhorn, Kinloss and Pluscarden Valley",0.17197812063117576,#f5f5f5
858,S02002094,Forres Central East and seaward,0.6092275078550614,#f5f5f5
859,S02002095,Forres South West and Mannachie,0.7067557212029625,#f5f5f5
860,S02002096,"Rafford, Dallas, Dyke to Dava",0.5472377917071944,#f5f5f5
861,S02002097,Arran,-0.847161653556843,#f5f5f5
862,S02002098,Springside and Rural,-0.37285883635607997,#f5f5f5
863,S02002099,Irvine Tarryholme,0.12181516770050091,#f5f5f5
864,S02002100,Dreghorn,0.14373513727172985,#f5f5f5
865,S02002101,Irvine Broomlands,0.4211348852168857,#f5f5f5
866,S02002102,Irvine Bourtreehill,0.6965519730417415,#f5f5f5
867,S02002103,Irvine Girdle Toll and Staneca,0.5940618880791264,#f5f5f5
868,S02002104,Irvine Perceton and Lawthorn,0.1199927117153621,#f5f5f5
869,S02002105,Irvine Castlepark North,-0.5189826475579944,#f5f5f5
870,S02002106,Irvine Castlepark South,-0.9499889855314676,#f5f5f5
871,S02002107,Irvine East,-0.13409442169883856,#f5f5f5
872,S02002108,Irvine Central,-0.04395166731053503,#f5f5f5
873,S02002109,Irvine Fullarton,-0.010553144263791617,#f5f5f5
874,S02002110,Stevenston Ardeer,-0.32636674807668725,#f5f5f5
875,S02002111,Saltcoats Central,-1.3253739354124576,#c7eae5
876,S02002112,Ardrossan Central,-0.837902571579209,#f5f5f5
877,S02002113,Ardrossan North West,-0.6403192461259408,#f5f5f5
878,S02002114,Ardrossan North East,-0.5653062629489238,#f5f5f5
879,S02002115,Saltcoats North West,-1.1770105223263039,#c7eae5
880,S02002116,Saltcoats North East,-0.9161847042354367,#f5f5f5
881,S02002117,Stevenston North West,-0.4822783515769878,#f5f5f5
882,S02002118,Stevenston Hayocks,-0.35492780275684005,#f5f5f5
883,S02002119,Kilwinning Whitehirst Park and Woodside,0.02449367185371243,#f5f5f5
884,S02002120,Kilwinning Pennyburn,-0.12609677984586595,#f5f5f5
885,S02002121,Kilwinning West and Blacklands,-0.17753242573855946,#f5f5f5
886,S02002122,Kilwinning Central and North,0.05854596895567756,#f5f5f5
887,S02002123,Dalry East and Rural,-1.125588808654443,#c7eae5
888,S02002124,Dalry West,-1.6532484887398686,#c7eae5
889,S02002125,Fairlie and Rural,-1.0114905843558217,#c7eae5
890,S02002126,West Kilbride and Seamill,-1.2296741350083242,#c7eae5
891,S02002127,Largs South,-1.2674924445565532,#c7eae5
892,S02002128,Largs Central and Cumbrae,-1.4789388001842885,#c7eae5
893,S02002129,Largs North,-1.223559060898509,#c7eae5
894,S02002130,Skelmorlie and Rural,-1.5420235409127707,#c7eae5
895,S02002131,Kilbirnie North,-3.116911608968763,#35978f
896,S02002132,Kilbirnie South and Longbar,-3.2309452191141883,#35978f
897,S02002133,Beith West,-1.6335693623721976,#c7eae5
898,S02002134,Beith East and Rural,-1.7210889770466593,#c7eae5
899,S02002135,Overtown,-0.5870902394421142,#f5f5f5
900,S02002136,Netherton and Kirkhill,-0.6990819738042509,#f5f5f5
901,S02002137,Muirhouse,-0.6586823261491138,#f5f5f5
902,S02002138,Muirhouse and Knowetop,-0.7876625544787121,#f5f5f5
903,S02002139,Craigneuk Wishaw,-0.7119403682508695,#f5f5f5
904,S02002140,Pather,-0.8438770233312787,#f5f5f5
905,S02002141,Wishaw South,-0.8725202137184089,#f5f5f5
906,S02002142,Wishaw North,-0.8755136959950391,#f5f5f5
907,S02002143,Coltness,-0.8087601911104682,#f5f5f5
908,S02002144,Wishaw East,-1.0168283549441066,#c7eae5
909,S02002145,Newmains,-1.1740262772250274,#c7eae5
910,S02002146,Allanton - Newmains Rural,-1.387234277929811,#c7eae5
911,S02002147,Shotts,-1.641729782378587,#c7eae5
912,S02002148,Stane,-2.501264056083465,#80cdc1
913,S02002149,Harthill and Salsburgh,-1.2934765174560787,#c7eae5
914,S02002150,Cleland,-0.4130917789663279,#f5f5f5
915,S02002151,Newarthill,-0.32595277266435885,#f5f5f5
916,S02002152,Carfin North,0.5702082124796486,#f5f5f5
917,S02002153,Clydesdale and New Stevenston,0.10684283732739494,#f5f5f5
918,S02002154,Carfin and Cleekhimin,0.224175865045636,#f5f5f5
919,S02002155,Motherwell South,-0.35290195386174,#f5f5f5
920,S02002156,Ladywell,0.20961239441464596,#f5f5f5
921,S02002157,Motherwell West,0.839809254242152,#f5f5f5
922,S02002158,Motherwell North,0.3032305063976871,#f5f5f5
923,S02002159,Forgewood,0.29382225552683094,#f5f5f5
924,S02002160,Holytown,-0.5056974059492282,#f5f5f5
925,S02002161,Milnwood,-0.7241712786451386,#f5f5f5
926,S02002162,Orbiston,-0.725482004585846,#f5f5f5
927,S02002163,Bellshill South,-0.9217363285959971,#f5f5f5
928,S02002164,Hattonrigg,-0.8129708375060084,#f5f5f5
929,S02002165,Bellshill Central,-0.9084178659310657,#f5f5f5
930,S02002166,Fallside,-0.16871391452537957,#f5f5f5
931,S02002167,Viewpark,-0.14106704869937875,#f5f5f5
932,S02002168,Birkenshaw,0.01771165571117026,#f5f5f5
933,S02002169,Kirkwood and Bargeddie,-0.049480077815141285,#f5f5f5
934,S02002170,Kirkshaws,-0.10407865212982806,#f5f5f5
935,S02002171,Dundyvan,-0.06312931382421928,#f5f5f5
936,S02002172,Drumpellier and Langloan,0.020583528161216714,#f5f5f5
937,S02002173,Coatbridge West,0.2149140703065397,#f5f5f5
938,S02002174,Townhead,0.12119116700150927,#f5f5f5
939,S02002175,Sunnyside and Cliftonville,0.08940188498894909,#f5f5f5
940,S02002176,Cliftonville,0.06371801386845445,#f5f5f5
941,S02002177,Shawhead and Whifflet,-0.2721830798961711,#f5f5f5
942,S02002178,Greenend and Carnbroe,-0.30984936294414783,#f5f5f5
943,S02002179,Calderbank and Brownsburn,-0.9068742323693755,#f5f5f5
944,S02002180,Chapelhall West,-1.4064818282515328,#c7eae5
945,S02002181,Chapelhall East,-1.529445147581755,#c7eae5
946,S02002182,Craigneuk Airdrie,-0.9650191281925258,#f5f5f5
947,S02002183,Petersburn,-1.049823055156794,#c7eae5
948,S02002184,Gartlea,-0.5762564367048885,#f5f5f5
949,S02002185,Cairnhill,-0.5077006132890576,#f5f5f5
950,S02002186,Coatdyke and Whinhall,-0.24303378705721787,#f5f5f5
951,S02002187,Thrashbush,-0.3185482503575653,#f5f5f5
952,S02002188,Airdrie North,-0.3933162252164614,#f5f5f5
953,S02002189,Drumgelloch,-0.601438298749247,#f5f5f5
954,S02002190,Caldercruix and Plains,-0.8625369365340992,#f5f5f5
955,S02002191,Glenmavis and Greengairs,-0.3234986881956141,#f5f5f5
956,S02002192,Gartcosh and Marnock,-0.18528977133533614,#f5f5f5
957,S02002193,Cardowan and Millerston,-2.0028239522674087,#80cdc1
958,S02002194,Stepps,-1.7112331569158639,#c7eae5
959,S02002195,Chryston and Muirhead,-1.0904879289640057,#c7eae5
960,S02002196,Moodiesburn West,-0.8934640023707926,#f5f5f5
961,S02002197,Moodiesburn East,-0.48648603710393434,#f5f5f5
962,S02002198,Westfield,-0.4787553558566209,#f5f5f5
963,S02002199,Condorrat,-0.5144540963269847,#f5f5f5
964,S02002200,Greenfaulds,-0.03235626576257342,#f5f5f5
965,S02002201,Seafar,-0.8408720265940645,#f5f5f5
966,S02002202,Cumbernauld Central,-0.907722014680512,#f5f5f5
967,S02002203,Kildrum,0.5141255414465712,#f5f5f5
968,S02002204,Abronhill South,1.025281061321709,#f6e8c3
969,S02002205,Abronhill North,1.34113545142894,#f6e8c3
970,S02002206,Village and Castlecary,0.6946062886147133,#f5f5f5
971,S02002207,Carrickstone,-0.19863722971221956,#f5f5f5
972,S02002208,Balloch West,-0.46882000437202237,#f5f5f5
973,S02002209,Balloch East,-0.5435702979764103,#f5f5f5
974,S02002210,Kilsyth East and Croy,0.1596514721725657,#f5f5f5
975,S02002211,Kilsyth Bogside,0.5154684973620455,#f5f5f5
976,S02002212,Balmalloch,0.06917245123084223,#f5f5f5
977,S02002213,"Stromness, Sandwick and Stenness",0.11669473505810432,#f5f5f5
978,S02002214,West Mainland,-0.6055933621967259,#f5f5f5
979,S02002215,East Mainland,0.15378335643577076,#f5f5f5
980,S02002216,West Kirkwall,0.0346469442136763,#f5f5f5
981,S02002217,East Kirkwall,0.03959648121103869,#f5f5f5
982,S02002218,Isles,-0.1508563910785629,#f5f5f5
983,S02002219,"Powmill, Cleish and Scotlandwell",-0.3183478057613711,#f5f5f5
984,S02002220,Kinross,0.43895941296762414,#f5f5f5
985,S02002221,Milnathort and Crook of Devon,-0.04372931584881964,#f5f5f5
986,S02002222,"Muthill, Greenloaning and Gleneagles",1.4008073680803672,#f6e8c3
987,S02002223,Auchterarder,2.3741343140356173,#dfc27d
988,S02002224,"Comrie, Gilmerton and St Fillans",1.206105136760979,#f6e8c3
989,S02002225,Crieff North,0.2399097783184093,#f5f5f5
990,S02002226,Crieff South,0.23282097997834317,#f5f5f5
991,S02002227,Aberuthven and Almondbank,0.7781897966061687,#f5f5f5
992,S02002228,"Glenfarg, Dunning and Rhynd",0.5670903488992758,#f5f5f5
993,S02002229,Bridge of Earn and Abernethy,0.5580012881517988,#f5f5f5
994,S02002230,Moncrieffe and Friarton,0.07776627894370863,#f5f5f5
995,S02002231,"Viewlands, Craigie and Wellshill",0.06309850961384268,#f5f5f5
996,S02002232,Burghmuir and Oakbank,0.25681006782580906,#f5f5f5
997,S02002233,Western Edge,0.27041296482617566,#f5f5f5
998,S02002234,Letham,0.33901413258321855,#f5f5f5
999,S02002235,"Hillyland, Tulloch and Inveralmond",0.3169767593852388,#f5f5f5
1000,S02002236,North Muirton and Old Scone,0.10507403539608184,#f5f5f5
1001,S02002237,Muirton,0.5984853034395788,#f5f5f5
1002,S02002238,North Inch,0.988422289792519,#f5f5f5
1003,S02002239,Central and South Inch,-0.0677441165525105,#f5f5f5
1004,S02002240,Gannochy and Walnut Grove,0.4676025720634576,#f5f5f5
1005,S02002241,Scone,0.5189425434974413,#f5f5f5
1006,S02002242,"Guildtown, Balbeggie and St Madoes",0.3342717366106898,#f5f5f5
1007,S02002243,Errol and Inchture,1.5826158407929245,#f6e8c3
1008,S02002244,"Invergowrie, Longforgan and Abernyte",1.5357311662364086,#f6e8c3
1009,S02002245,Coupar Angus and Meigle,0.4409835546103387,#f5f5f5
1010,S02002246,Alyth,0.4590877287174201,#f5f5f5
1011,S02002247,"Blair Atholl, Strathardle and Glenshee",0.7317897835483156,#f5f5f5
1012,S02002248,Blairgowrie East (Rattray),2.687648773098435,#dfc27d
1013,S02002249,Blairgowrie West,2.563501908955476,#dfc27d
1014,S02002250,Stanley and Murthly,-0.592337983578819,#f5f5f5
1015,S02002251,Luncarty and Dunkeld,0.17856210105847395,#f5f5f5
1016,S02002252,Pitlochry,0.6742687207931862,#f5f5f5
1017,S02002253,Rannoch and Aberfeldy,0.30222345324599464,#f5f5f5
1018,S02002254,Lochwinnoch,-2.124357031915647,#80cdc1
1019,S02002255,Renfrewshire Rural South and Howwood,-1.4464665883286882,#c7eae5
1020,S02002256,Renfrewshire Rural North and Langbank,-0.772737129022148,#f5f5f5
1021,S02002257,Kilbarchan,-1.2784274328314358,#c7eae5
1022,S02002258,Johnstone South West,-1.2653879825518306,#c7eae5
1023,S02002259,Johnstone North West,-1.3021477042015088,#c7eae5
1024,S02002260,Johnstone North East,-0.9987404322348882,#f5f5f5
1025,S02002261,Johnstone South East,-1.2806112046001668,#c7eae5
1026,S02002262,Elderslie and Phoenix,-0.6032341811473013,#f5f5f5
1027,S02002263,Paisley Ferguslie,-0.3197643208271738,#f5f5f5
1028,S02002264,Paisley North West,-0.7958272019480838,#f5f5f5
1029,S02002265,Paisley West,-0.6090964285590438,#f5f5f5
1030,S02002266,Paisley Foxbar,-0.788037513004333,#f5f5f5
1031,S02002267,Paisley South West,-0.6930596299188944,#f5f5f5
1032,S02002268,Paisley Glenburn West,-0.6933080858735816,#f5f5f5
1033,S02002269,Paisley Glenburn East,-0.6993280109330762,#f5f5f5
1034,S02002270,Paisley South,-0.7289700987159039,#f5f5f5
1035,S02002271,Paisley South East,-0.670785329515622,#f5f5f5
1036,S02002272,Paisley Dykebar,-0.9653790854987778,#f5f5f5
1037,S02002273,Paisley East,-0.631475568182123,#f5f5f5
1038,S02002274,Paisley Central,-0.6615952211529269,#f5f5f5
1039,S02002275,Paisley North East,-0.3450832572840428,#f5f5f5
1040,S02002276,Paisley Ralston,-0.6069775870205716,#f5f5f5
1041,S02002277,Paisley Gallowhill and Hillington,-0.32064193779478883,#f5f5f5
1042,S02002278,Paisley North,-0.3713497943802113,#f5f5f5
1043,S02002279,Renfrew West,-0.4340046176226434,#f5f5f5
1044,S02002280,Renfrew South,-0.3867588150948024,#f5f5f5
1045,S02002281,Renfrew East,-0.27615294030446286,#f5f5f5
1046,S02002282,Renfrew North,-0.34236072952524726,#f5f5f5
1047,S02002283,Erskine East and Inchinnan,-0.6858749438525831,#f5f5f5
1048,S02002284,Erskine Central,-0.5493355533466103,#f5f5f5
1049,S02002285,Erskine West,-0.7022871910110497,#f5f5f5
1050,S02002286,Bishopton,0.46677806230177377,#f5f5f5
1051,S02002287,Linwood South,-0.45730658905015464,#f5f5f5
1052,S02002288,Linwood North,-0.8366496151778491,#f5f5f5
1053,S02002289,Houston South,-1.330976166754998,#c7eae5
1054,S02002290,Houston North,-1.5938556468525116,#c7eae5
1055,S02002291,Bridge of Weir,-1.1002337096730326,#c7eae5
1056,S02002292,Tweeddale West Area,1.109429494684002,#f6e8c3
1057,S02002293,Peebles North,1.8729839390163436,#f6e8c3
1058,S02002294,Peebles South,1.8589301503164872,#f6e8c3
1059,S02002295,Tweeddale East Area,1.5316183198232833,#f6e8c3
1060,S02002296,Earlston Stow and Clovernfords Area,1.1493252348955905,#f6e8c3
1061,S02002297,Galashiels North,2.8041911587119013,#dfc27d
1062,S02002298,Galashiels West,2.408837275388914,#dfc27d
1063,S02002299,Galashiels South,2.078656740319218,#dfc27d
1064,S02002300,Langlee,1.890058929010926,#f6e8c3
1065,S02002301,Melrose and Tweedbank Area,1.2470768544914195,#f6e8c3
1066,S02002302,Lauder and Area,1.1128085150928195,#f6e8c3
1067,S02002303,Berwickshire Central,0.503109070808462,#f5f5f5
1068,S02002304,Duns,-2.321435675559924,#80cdc1
1069,S02002305,Berwickshire East,0.7413368364928418,#f5f5f5
1070,S02002306,Eyemouth,1.7640108301837083,#f6e8c3
1071,S02002307,Chirnside and Area,0.15069087857841226,#f5f5f5
1072,S02002308,Coldstream and Area,0.8472362580037118,#f5f5f5
1073,S02002309,Cheviot East,0.7855349430712931,#f5f5f5
1074,S02002310,Kelso North,0.2818127355862385,#f5f5f5
1075,S02002311,Kelso South,0.2897985402535237,#f5f5f5
1076,S02002312,Cheviot West,1.1584565495697248,#f6e8c3
1077,S02002313,St Boswells and Newtown Area,0.4345490274852361,#f5f5f5
1078,S02002314,Jedburgh,1.6315721619514971,#f6e8c3
1079,S02002315,Denholm and Hermitage,0.8049260869170656,#f5f5f5
1080,S02002316,Burnfoot,1.3009701988210958,#f6e8c3
1081,S02002317,Hawick Central,1.2724754499942201,#f6e8c3
1082,S02002318,Hawick West End,1.3587107210199534,#f6e8c3
1083,S02002319,Hawick North,1.3081424859336448,#f6e8c3
1084,S02002320,Ettrick Yarrow and Liliesleaf Area,1.1689715346659548,#f6e8c3
1085,S02002321,Selkirk,1.6194401304942092,#f6e8c3
1086,S02002322,Shetland South,-0.31952453896154215,#f5f5f5
1087,S02002323,Lerwick South,-0.4798795843991454,#f5f5f5
1088,S02002324,Lerwick North,0.24011787540799553,#f5f5f5
1089,S02002325,Central Shetland,-0.07392606807569163,#f5f5f5
1090,S02002326,East and West Mainland,0.5536135836867868,#f5f5f5
1091,S02002327,North Mainland,0.3638716652009651,#f5f5f5
1092,S02002328,North and East Isles,1.2920641265116897,#f6e8c3
1093,S02002329,Carrick South,-1.3523514294643972,#c7eae5
1094,S02002330,Girvan Glendoune,-0.18219816383965876,#f5f5f5
1095,S02002331,Girvan Ailsa,-0.10150127550835979,#f5f5f5
1096,S02002332,Maybole,-1.2048234334480965,#c7eae5
1097,S02002333,Carrick North,-1.128128603226999,#c7eae5
1098,S02002334,Coylton,-1.0922169343642796,#c7eae5
1099,S02002335,Alloway and Doonfoot,-0.8694491316648177,#f5f5f5
1100,S02002336,Castlehill and Kincaidston,-2.8795795777978395,#80cdc1
1101,S02002337,Belmont,-1.5488311355699544,#c7eae5
1102,S02002338,Holmston and Forehill,-1.5427188331469999,#c7eae5
1103,S02002339,Ayr South Harbour and Town Centre,-0.4738965091178534,#f5f5f5
1104,S02002340,"Ayr North Harbour, Wallacetown and Newton South",-1.1214646324755828,#c7eae5
1105,S02002341,Craigie,-0.9922690417821978,#f5f5f5
1106,S02002342,Dalmilling,-0.8518929934220211,#f5f5f5
1107,S02002343,"Lochside, Braehead and Whitletts",-0.901839952120503,#f5f5f5
1108,S02002344,Newton North,-1.1809429218414573,#c7eae5
1109,S02002345,Heathfield,-0.7446431655739856,#f5f5f5
1110,S02002346,Prestwick West,-0.08888880511815093,#f5f5f5
1111,S02002347,Prestwick East,0.15213324794566505,#f5f5f5
1112,S02002348,Prestwick Airport and Monkton,-0.14158966261710854,#f5f5f5
1113,S02002349,"Annbank, Mossblown and Tarbolton - the Coalfields",-0.27495184556650304,#f5f5f5
1114,S02002350,"Dundonald, Loans and Symington",0.07433766529411956,#f5f5f5
1115,S02002351,Muirhead,-0.6537418971809809,#f5f5f5
1116,S02002352,Barassie,-0.7527397708017024,#f5f5f5
1117,S02002353,Troon,-0.3775592230248071,#f5f5f5
1118,S02002354,Clydesdale South,-0.591561934051718,#f5f5f5
1119,S02002355,"Biggar, Symington, Thankerton and Dolphinton",0.512943114093115,#f5f5f5
1120,S02002356,"Carstairs, Carstairs Junction and Carnwath",0.5804883802373367,#f5f5f5
1121,S02002357,"Forth, Braehead and Auchengray",-0.3074282097267572,#f5f5f5
1122,S02002358,Law,-1.2439140904730854,#c7eae5
1123,S02002359,Carluke West,-1.523099486394089,#c7eae5
1124,S02002360,Carluke North,-1.5336544274798563,#c7eae5
1125,S02002361,Carluke East,-1.4944422525603838,#c7eae5
1126,S02002362,Carluke South,-1.4902017378784325,#c7eae5
1127,S02002363,"Crossford, Braidwood and Yieldshields",-1.1926041837813621,#c7eae5
1128,S02002364,Lanark North West,-1.1686525715727538,#c7eae5
1129,S02002365,Lanark North East,-1.1699270521520082,#c7eae5
1130,S02002366,Lanark South,-1.0418157078440486,#c7eae5
1131,S02002367,Hazelbank and Kirkfieldbank,-1.1409005666596768,#c7eae5
1132,S02002368,"Douglas, Coalburn and Rigside",-0.9452047960877423,#f5f5f5
1133,S02002369,Lesmahagow,-1.3165728621263133,#c7eae5
1134,S02002370,Kirkmuirhill and Blackwood,-1.3323600469168124,#c7eae5
1135,S02002371,Ashgill and Netherburn,-0.5020893631450752,#f5f5f5
1136,S02002372,Merryton and Meadowhill,-0.059222698045681296,#f5f5f5
1137,S02002373,"Larkhall Central, Raploch, Millheugh and Burnhead",-0.09323814626333286,#f5f5f5
1138,S02002374,Hareleeshill,-0.16609848032823246,#f5f5f5
1139,S02002375,Strutherhill,-0.20927449350146982,#f5f5f5
1140,S02002376,Stonehouse,-0.41556588513681086,#f5f5f5
1141,S02002377,Strathaven South,0.25947981220945376,#f5f5f5
1142,S02002378,Strathaven North,0.3016921240043664,#f5f5f5
1143,S02002379,"Chapelton, Glengavel and Sandford",-0.38796902117695414,#f5f5f5
1144,S02002380,"Glassford, Quarter and Allanton",0.2550789875431176,#f5f5f5
1145,S02002381,Eddlewood,0.44019316732167185,#f5f5f5
1146,S02002382,Low Waters,0.03337911543310193,#f5f5f5
1147,S02002383,Silvertonhill,0.5025957391859095,#f5f5f5
1148,S02002384,Hamilton Centre and Low Parks,2.179364027211743,#dfc27d
1149,S02002385,Laighstonehall,0.4271980218274719,#f5f5f5
1150,S02002386,Fairhill,0.334565845895828,#f5f5f5
1151,S02002387,Woodhead and Meikle Earnock,0.47560439426331613,#f5f5f5
1152,S02002388,Little Earnock,0.9455382478803742,#f5f5f5
1153,S02002389,Earnock,1.4850456170227224,#f6e8c3
1154,S02002390,Hillhouse,1.7084945684263508,#f6e8c3
1155,S02002391,High Blantyre,1.402558031817083,#f6e8c3
1156,S02002392,Blantyre South and Wheatlands,1.4052611355532916,#f6e8c3
1157,S02002393,Low Blantyre and Bardykes,0.7451643977243438,#f5f5f5
1158,S02002394,Blantytre North and Coatshill,1.1205461444448985,#f6e8c3
1159,S02002395,Burnbank North,1.0292287983731712,#f6e8c3
1160,S02002396,Burnbank Central and Udston,1.4064604322829533,#f6e8c3
1161,S02002397,Burnbank South and Chantinghall,0.9891782099609878,#f5f5f5
1162,S02002398,Whitehill,1.2259628943418348,#f6e8c3
1163,S02002399,Bothwell South,0.2220381393335518,#f5f5f5
1164,S02002400,Bothwell North,0.0069424054048025695,#f5f5f5
1165,S02002401,Uddingston and Gardenside,0.1347294260985278,#f5f5f5
1166,S02002402,"Halfway, Hallside and Drumsagard",-0.1320102877333005,#f5f5f5
1167,S02002403,Westburn and Newton,-0.43079926354166564,#f5f5f5
1168,S02002404,Vicarland and Cairns,-0.3939395441316061,#f5f5f5
1169,S02002405,Whitlawburn and Greenlees,-1.1293865997724475,#c7eae5
1170,S02002406,Cambuslang Central,-0.9218755250398117,#f5f5f5
1171,S02002407,"Burgh, Eastfield and Silverbank",-2.0758265958900775,#80cdc1
1172,S02002408,Farme Cross and Gallowflat North,-1.9184084231586989,#c7eae5
1173,S02002409,Shawfield and Clincarthill,-2.8986109298755323,#80cdc1
1174,S02002410,Burnhill and Bankhead North,-3.1429106426361373,#35978f
1175,S02002411,Bankhead South,-2.454530638420162,#80cdc1
1176,S02002412,Spittal,-2.409283267695247,#80cdc1
1177,S02002413,High Crosshill,-2.051603551926447,#80cdc1
1178,S02002414,Burnside and Springhall,-1.9092263427162126,#c7eae5
1179,S02002415,Fernhill and Cathkin,-1.9507163301253885,#c7eae5
1180,S02002416,Nerston and EK Landward Area,0.5978924326813575,#f5f5f5
1181,S02002417,Calderwood East,2.151322254228639,#dfc27d
1182,S02002418,Calderwood Central,2.586261006049896,#dfc27d
1183,S02002419,Calderwood West and Nerston,1.7832819058515277,#f6e8c3
1184,S02002420,St Leonards North,2.049202148743552,#dfc27d
1185,S02002421,St Leonards South,1.1330744782378845,#f6e8c3
1186,S02002422,East Mains,0.6567583620295475,#f5f5f5
1187,S02002423,West Mains,0.5331876333232233,#f5f5f5
1188,S02002424,Stewartfield East,0.6757730162436243,#f5f5f5
1189,S02002425,Stewartfield West,0.3787415822283079,#f5f5f5
1190,S02002426,"Thorntonhall, Jackton and Gardenhall",0.3052098782112938,#f5f5f5
1191,S02002427,Hairmyres and Westwood West,0.3780739117961844,#f5f5f5
1192,S02002428,Mossneuk and Newlandsmuir,0.10236606750022473,#f5f5f5
1193,S02002429,Crosshouse and Lindsayfield,0.11170124435740171,#f5f5f5
1194,S02002430,Whitehills West,0.6908464854823984,#f5f5f5
1195,S02002431,Greenhills,0.059708508261355264,#f5f5f5
1196,S02002432,Westwood South,0.49758975287210333,#f5f5f5
1197,S02002433,Westwood East,0.7197383711285384,#f5f5f5
1198,S02002434,The Murray,0.917876425459691,#f5f5f5
1199,S02002435,"Birniehill, Kelvin and Whitehills East",0.9334804709990856,#f5f5f5
1200,S02002436,Blane Valley,0.45925561967356937,#f5f5f5
1201,S02002437,Balfron and Drymen,0.732840855751279,#f5f5f5
1202,S02002438,Kippen and Fintry,1.4870360587748734,#f6e8c3
1203,S02002439,Cambusbarron,1.4592571701204287,#f6e8c3
1204,S02002440,Plean and Rural SE,1.0074201060687173,#f6e8c3
1205,S02002441,Cowie,1.2954986257239554,#f6e8c3
1206,S02002442,Fallin,0.08435497654015865,#f5f5f5
1207,S02002443,Bannockburn,1.966250888100037,#f6e8c3
1208,S02002444,Hillpark,2.3082263960662317,#dfc27d
1209,S02002445,Broomridge,2.0565418743733312,#dfc27d
1210,S02002446,Borestone,1.8504416010824078,#f6e8c3
1211,S02002447,King's Park and Torbrex,1.6883352056252026,#f6e8c3
1212,S02002448,Braehead,1.313074736852268,#f6e8c3
1213,S02002449,City Centre,0.4352720833506811,#f5f5f5
1214,S02002450,Raploch,0.15138932072166966,#f5f5f5
1215,S02002451,Cornton,0.4418309882208578,#f5f5f5
1216,S02002452,Causewayhead,1.3048208293745927,#f6e8c3
1217,S02002453,Bridge of Allan and University,2.501598270380201,#dfc27d
1218,S02002454,Forth,2.3448592197040328,#dfc27d
1219,S02002455,Dunblane East,1.6782654357326074,#f6e8c3
1220,S02002456,Dunblane West,1.6364540890256647,#f6e8c3
1221,S02002457,Carse of Stirling,1.4213917417153024,#f6e8c3
1222,S02002458,Callander and Trossachs,1.433559714500257,#f6e8c3
1223,S02002459,Highland,-0.026858719174926018,#f5f5f5
1224,S02002460,IZ01,-0.7959417517678531,#f5f5f5
1225,S02002461,IZ02,-1.0971649253492697,#c7eae5
1226,S02002462,IZ03,-1.3149065096179973,#c7eae5
1227,S02002463,IZ04,-1.4068507331377873,#c7eae5
1228,S02002464,IZ05,-1.3825855106500122,#c7eae5
1229,S02002465,IZ06,-1.314799096801575,#c7eae5
1230,S02002466,IZ07,-1.3231622071382347,#c7eae5
1231,S02002467,IZ08,-1.2618925562904435,#c7eae5
1232,S02002468,IZ09,-1.7184459318286112,#c7eae5
1233,S02002469,IZ10,-0.3736977104435262,#f5f5f5
1234,S02002470,IZ11,-0.13715615998573258,#f5f5f5
1235,S02002471,IZ12,-0.3037885149610248,#f5f5f5
1236,S02002472,IZ13,-0.1799413945249399,#f5f5f5
1237,S02002473,IZ14,0.4424551104358053,#f5f5f5
1238,S02002474,IZ15,0.4910460927757439,#f5f5f5
1239,S02002475,IZ16,0.8224858589235148,#f5f5f5
1240,S02002476,IZ17,0.9403590524233699,#f5f5f5
1241,S02002477,IZ18,0.535244246219322,#f5f5f5
1242,S02002478,Fauldhouse,0.13989013142265555,#f5f5f5
1243,S02002479,Breich Valley,-0.6284476876219005,#f5f5f5
1244,S02002480,West Calder and Polbeth,-1.212334601617543,#c7eae5
1245,S02002481,"Bellsquarry, Adambrae and Kirkton",-0.3549419084843721,#f5f5f5
1246,S02002482,Bankton and Murieston,0.833542110024848,#f5f5f5
1247,S02002483,Dedridge East,0.43598963908626226,#f5f5f5
1248,S02002484,Mid Calder and Kirknewton,-0.3042505812396828,#f5f5f5
1249,S02002485,East Calder,-1.3806821174227897,#c7eae5
1250,S02002486,Pumpherston and Uphall Station,-1.376362046151787,#c7eae5
1251,S02002487,Craigshill,-2.0429671451319447,#80cdc1
1252,S02002488,Howden,-1.0562646181366226,#c7eae5
1253,S02002489,Livingston Village and Eliburn South,-0.9158570957142169,#f5f5f5
1254,S02002490,Ladywell,-1.4103431946543135,#c7eae5
1255,S02002491,Knightsridge,-1.147802569042807,#c7eae5
1256,S02002492,Knightsridge and Deans North,-0.7905273180671653,#f5f5f5
1257,S02002493,Deans,-0.8659272213963227,#f5f5f5
1258,S02002494,Carmondean and Eliburn North,-0.5518977653910421,#f5f5f5
1259,S02002495,Seafield,-0.14589547364694944,#f5f5f5
1260,S02002496,Blackburn,-0.02944506772431794,#f5f5f5
1261,S02002497,Blaeberry Hill and East Whitburn,-0.2665555521448161,#f5f5f5
1262,S02002498,Whitburn Central,-0.3136621302367255,#f5f5f5
1263,S02002499,"Whitburn, Croftmalloch and Greenrigg",-0.22813378061434467,#f5f5f5
1264,S02002500,Armadale,-0.7199811265008776,#f5f5f5
1265,S02002501,Armadale South,-0.6667201050037975,#f5f5f5
1266,S02002502,"Bathgate, Wester Inch and Inchcross",-0.22655393983907007,#f5f5f5
1267,S02002503,Bathgate and Boghall,-0.41577501083916385,#f5f5f5
1268,S02002504,Bathgate East,-0.33914582788794595,#f5f5f5
1269,S02002505,Bathgate West,-0.38654263810986206,#f5f5f5
1270,S02002506,"Blackridge, Westfield and Torphichen",-0.23216055643692132,#f5f5f5
1271,S02002507,Linlithgow South,-0.2098014106874691,#f5f5f5
1272,S02002508,Linlithgow Bridge,0.4675367334530402,#f5f5f5
1273,S02002509,Linlithgow North,0.34952480592765905,#f5f5f5
1274,S02002510,"Winchburgh, Bridgend and Philpstoun",-1.1918990760626922,#c7eae5
1275,S02002511,Broxburn Kirkhill,-1.1645837763638298,#c7eae5
1276,S02002512,"Uphall, Dechmont and Ecclesmachan",-0.9727710135755748,#f5f5f5
1277,S02002513,Broxburn South,-0.5283640764547863,#f5f5f5
1278,S02002514,Broxburn East,-1.3919977089856435,#c7eae5
